,year,state,policies_prem,acres_insured,liabilities,premium,subsidy,indemnity,loss_ratio,net_benefit,farmer_premium,benefit_by_pol,benefit_by_acre
0,2014,AK,16,6542,576583,86255,73307,31944,0.370343,18996,12948,1187.25,2.903699175
1,2014,AL,7164,1422937,482573970,67195206,44099887,37745638,0.561731,14650319,23095319,2044.991485,10.29583109
2,2014,AR,17308,5247504,1613298100,126550753,91666855,103788858,0.820136,68904960,34883898,3981.104691,13.13099714
3,2014,AZ,866,589568,253540262,16135962,10496544,18102586,1.121878,12463168,5639418,14391.64896,21.13949197
4,2014,CA,24433,6705373,7302481482,370354002,230346045,426851087,1.152548,286843130,140007957,11739.98813,42.77810198
5,2014,CO,16164,7411673,1220161708,192670594,115286057,166904164,0.866266,89519627,77384537,5538.210035,12.07819436
6,2014,CT,250,23279,28378428,4889040,3017470,2837635,0.580407,966065,1871570,3864.26,41.49942008
7,2014,DE,1699,360797,126197257,11149702,6650270,1220074,0.109426,-3279358,4499432,-1930.169511,-9.089205287
8,2014,FL,5934,2271200,1074070921,72889670,45816356,33188492,0.455325,6115178,27073314,1030.532187,2.692487672
9,2014,GA,15098,2866714,1370174575,151312332,93485426,142240916,0.940048,84414010,57826906,5591.072327,29.44626147
10,2014,HI,106,28983,87924435,1514103,943419,1745810,1.153032,1175126,570684,11086.09434,40.54535417
11,2014,IA,128988,22205693,13289124613,738475557,384986650,1409963637,1.909289,1056474730,353488907,8190.488495,47.57675115
12,2014,ID,6340,2274403,1009263755,67017615,39285923,62310274,0.929759,34578582,27731692,5454.035016,15.20336633
13,2014,IL,124099,19142022,10874611152,679129826,374154758,268735346,0.395705,-36239722,304975068,-292.0226754,-1.8932024
14,2014,IN,47764,9310392,5164987964,376920382,206199443,145478593,0.385966,-25242346,170720939,-528.4805711,-2.711201204
15,2014,KS,120999,18793297,4815645659,669049990,403863815,615168493,0.919465,349982318,265186175,2892.439756,18.62272054
16,2014,KY,18201,3359765,1617929870,149592369,93964267,142279728,0.951116,86651626,55628102,4760.816768,25.79097824
17,2014,LA,8036,2877486,1009145316,81814494,59504111,30366357,0.371161,8055974,22310383,1002.485565,2.799657062
18,2014,MA,491,26439,39036432,3106140,2069324,2692520,0.866837,1655704,1036816,3372.105906,62.62354855
19,2014,MD,4927,931440,326434797,33403117,21000059,7022585,0.210237,-5380473,12403058,-1092.03836,-5.776510564
20,2014,ME,509,125078,86392241,10247802,7159121,2916165,0.284564,-172516,3088681,-338.9312377,-1.379267337
21,2014,MI,23206,4339598,1958587253,178215568,116492161,117138696,0.657286,55415289,61723407,2387.972464,12.76968258
22,2014,MN,82176,17696645,8750340468,656315740,391813147,1395321449,2.125991,1130818856,264502593,13760.93818,63.90018311
23,2014,MO,55017,9235136,3384635254,379982057,243669258,103931032,0.273515,-32381767,136312799,-588.5774761,-3.506366013
24,2014,MS,8187,3723590,1211031139,119279736,85146926,66092775,0.554098,31959965,34132810,3903.745572,8.583105283
25,2014,MT,15619,10421191,1134359829,161214734,98822555,79541116,0.493386,17148937,62392179,1097.953582,1.645583216
26,2014,NC,19796,3733465,1808584827,181498957,115917229,106146493,0.584832,40564765,65581728,2049.139473,10.86517886
27,2014,ND,59576,23430609,5541387552,913613890,598606431,581294755,0.636258,266287296,315007459,4469.707533,11.36493277
28,2014,NE,89747,17643942,7844344945,576903839,318854400,508974912,0.882252,250925473,258049439,2795.920454,14.22162196
29,2014,NH,81,9625,5885102,598104,402571,251619,0.420694,56086,195533,692.4197531,5.827116883
30,2014,NJ,1143,172956,76351851,7094311,5313470,2543313,0.3585,762472,1780841,667.079615,4.408473831
31,2014,NM,1703,3169025,205798844,28959004,18948465,32830053,1.133673,22819514,10010539,13399.59718,7.200799615
32,2014,NV,155,1104279,58879888,7911506,4659826,18246353,2.306305,14994673,3251680,96739.82581,13.57869977
33,2014,NY,4709,1084524,543730067,44797947,30349563,40817287,0.911141,26368903,14448384,5599.682098,24.31380311
34,2014,OH,45496,7013488,3483036734,268789097,159655659,135485452,0.504058,26352014,109133438,579.216063,3.757333584
35,2014,OK,21221,6913354,950075544,199564730,126509303,380101794,1.904654,307046367,73055427,14468.98671,44.41351723
36,2014,OR,3272,913229,396875414,30786841,17484212,35814561,1.163307,22511932,13302629,6880.174817,24.65091669
37,2014,PA,9452,1210092,505913862,63240181,43203539,25618625,0.4051,5581983,20036642,590.5610453,4.612858361
38,2014,RI,29,1586,1237009,94045,71847,59359,0.631176,37161,22198,1281.413793,23.43064313
39,2014,SC,5928,1254106,457491037,66286388,44193014,42138824,0.635708,20045450,22093374,3381.486167,15.98385623
40,2014,SD,55356,15956788,4855623127,717124231,491543220,180045367,0.251065,-45535644,225581011,-822.5963581,-2.853684839
41,2014,TN,11942,2716834,945568602,102392655,68419853,48552934,0.474183,14580132,33972802,1220.912075,5.366589199
42,2014,TX,76812,44242665,4569181277,973378440,636727085,1082667122,1.112277,746015767,336651355,9712.22943,16.86190845
43,2014,UT,554,182436,38057968,4033589,2883409,2826465,0.700732,1676285,1150180,3025.785199,9.188345502
44,2014,VA,7174,1329427,528340983,63736890,41357071,26797012,0.420431,4417193,22379819,615.72247,3.322629223
45,2014,VT,423,76878,31859211,3387502,2270802,1925955,0.568547,809255,1116700,1913.132388,10.52648352
46,2014,WA,11882,2843031,2107667699,119648316,71637915,125527680,1.049138,77517279,48010401,6523.925181,27.26571712
47,2014,WI,36149,5417374,2615320659,253622483,161053873,283743452,1.118763,191174842,92568610,5288.523666,35.28920876
48,2014,WV,367,51647,20284223,2391597,1593866,1253785,0.524245,456054,797731,1242.653951,8.830212791
49,2014,WY,2437,2059515,128717718,18073728,10757734,12753082,0.705614,5437088,7315994,2231.057858,2.639984657
50,2015,AK,18,6934,692957,79810,68009,64402,0.806941,52601,11801,2922.277778,7.585953274
51,2015,AL,7346,1388546,447292587,67285768,45910691,37906465,0.563365,16531388,21375077,2250.393139,11.9055386
52,2015,AR,18683,5208748,1496848513,113217124,79148151,154800983,1.367293,120732010,34068973,6462.131885,23.17870052
53,2015,AZ,964,949099,221976840,14598428,9642708,14114021,0.966817,9158301,4955720,9500.312241,9.649468601
54,2015,CA,23464,6705812,8319084962,390183267,238463876,607105450,1.555949,455386059,151719391,19407.86136,67.90915985
55,2015,CO,15976,7142348,1076765080,171312760,102711854,105523473,0.615969,36922567,68600906,2311.127128,5.169527864
56,2015,CT,215,19776,26234417,4974279,3030447,2310603,0.46451,366771,1943832,1705.911628,18.5462682
57,2015,DE,1604,313439,113018155,9921294,6066815,2347804,0.236642,-1506675,3854479,-939.3235661,-4.806916178
58,2015,FL,5661,2439818,1037669201,63937851,40165736,42389973,0.662987,18617858,23772115,3288.793146,7.630838858
59,2015,GA,15788,2526485,1243466449,152400251,98126426,99645769,0.653842,45371944,54273825,2873.824677,17.95852499
60,2015,HI,114,29170,87965719,1606709,971514,626491,0.389921,-8704,635195,-76.35087719,-0.298388756
61,2015,IA,127051,22135693,11816755066,722748857,378813631,146910934,0.203266,-197024292,343935226,-1550.749636,-8.900751018
62,2015,ID,6049,2228579,963235743,55968581,31209215,60991652,1.089748,36232286,24759366,5989.797653,16.25802182
63,2015,IL,123237,19130820,9869924700,693652392,388797626,474637171,0.684257,169782405,304854766,1377.690182,8.874810646
64,2015,IN,46557,9295355,4666881332,369791602,205677532,458213834,1.239113,294099764,164114070,6316.982709,31.63943324
65,2015,KS,122831,19122568,4417272099,649573731,397151908,352117881,0.542075,99696058,252421823,811.6522539,5.213528748
66,2015,KY,17029,3313378,1447270040,145272294,92187827,99919430,0.687807,46834963,53084467,2750.306125,14.13511015
67,2015,LA,7924,2864045,892716289,73388028,52955069,84232745,1.147772,63799786,20432959,8051.46214,22.27611158
68,2015,MA,446,25188,33744901,2608512,1697865,1841786,0.706067,931139,910647,2087.755605,36.96756392
69,2015,MD,4639,878498,293048845,31348985,19858330,8278023,0.26406,-3212632,11490655,-692.5268377,-3.656959948
70,2015,ME,491,122766,81837010,9642645,6400556,9051364,0.93868,5809275,3242089,11831.51731,47.31990128
71,2015,MI,22593,4197584,1787296246,169930960,109879440,78635960,0.462752,18584440,60051520,822.5751339,4.427413484
72,2015,MN,81997,17721606,7957526087,629910690,378109552,91092247,0.144611,-160708891,251801138,-1959.936229,-9.068528609
73,2015,MO,54250,9252768,2967671922,387672153,248748833,525478211,1.35547,386554891,138923320,7125.435779,41.7772164
74,2015,MS,8247,3633028,1145840407,116240090,83079659,120319695,1.035096,87159264,33160431,10568.6024,23.99080436
75,2015,MT,15076,10041583,1082190329,151391286,92320949,121188106,0.800495,62117769,59070337,4120.308371,6.186053434
76,2015,NC,18718,3543065,1522929765,163600435,106303442,247852690,1.514987,190555697,57296993,10180.34496,53.78272682
77,2015,ND,58659,23099185,5129590340,856016073,572898268,315925914,0.369065,32808109,283117805,559.3022213,1.42031457
78,2015,NE,88328,16864743,7158092702,557918475,314403164,186922392,0.335035,-56592919,243515311,-640.7132393,-3.355694125
79,2015,NH,78,9575,5588693,607145,410665,55332,0.091134,-141148,196480,-1809.589744,-14.74130548
80,2015,NJ,1062,157790,68062160,5888604,4280799,4567144,0.77559,2959339,1607805,2786.571563,18.7549211
81,2015,NM,1670,2720721,182328562,24002111,15731372,11404063,0.475127,3133324,8270739,1876.241916,1.15165208
82,2015,NV,206,1834379,66135181,10529165,5731093,29795436,2.8298,24997364,4798072,121346.4272,13.62715339
83,2015,NY,4655,1063281,534036529,46073824,30597977,49994804,1.085102,34518957,15475847,7415.458002,32.46456675
84,2015,OH,44112,7005331,3131856391,254929945,153212272,194276070,0.762076,92558397,101717673,2098.258909,13.21256583
85,2015,OK,23943,7290949,890077183,199841773,128710577,141371700,0.707418,70240504,71131196,2933.655098,9.633931605
86,2015,OR,3227,1009320,386730310,27966076,15271805,52384714,1.873152,39690443,12694271,12299.48652,39.32394384
87,2015,PA,9194,1189065,469445226,62440792,42683468,29096252,0.465981,9338928,19757324,1015.763324,7.854009663
88,2015,RI,28,1342,1210338,76974,56267,62868,0.816743,42161,20707,1505.75,31.41654247
89,2015,SC,5724,1188212,398812306,65143585,43646060,147700137,2.267301,126202612,21497525,22047.97554,106.2122012
90,2015,SD,54152,16140142,4439860068,694825507,484411008,187961980,0.270516,-22452519,210414499,-414.6203095,-1.391097984
91,2015,TN,11600,2706733,841781781,93656862,62545325,47702130,0.509328,16590593,31111537,1430.223534,6.129379218
92,2015,TX,85790,44416830,4063506641,920143994,621235297,572838910,0.622553,273930213,298908697,3193.031973,6.167261666
93,2015,UT,516,489027,35375472,3436699,2253782,3119938,0.907829,1937021,1182917,3753.916667,3.960969435
94,2015,VA,6960,1260815,473877435,63704449,41954582,37096896,0.582328,15347029,21749867,2205.032902,12.17230839
95,2015,VT,407,77178,31848545,3588107,2377743,3355884,0.935279,2145520,1210364,5271.547912,27.79963202
96,2015,WA,11826,2909984,2186051148,109116718,61066494,188617398,1.728583,140567174,48050224,11886.28226,48.30513639
97,2015,WI,34920,5290216,2367622279,243995054,156702556,56298506,0.230736,-30993992,87292498,-887.5713631,-5.858738471
98,2015,WV,344,49906,18587667,2332800,1520187,1142432,0.489725,329819,812613,958.7761628,6.608804553
99,2015,WY,2299,1893987,119748699,15927808,9349104,7406432,0.465,827728,6578704,360.0382775,0.437029399
100,2016,AK,15,6668,657170,71657,59802,11382,0.15884,-473,11855,-31.53333333,-0.070935813
101,2016,AL,7124,1339597,440774568,64442379,43958532,41934232,0.650724,21450385,20483847,3011.002948,16.01256572
102,2016,AR,16860,5183364,1550386783,121793102,85069816,138184248,1.134581,101460962,36723286,6017.850652,19.57434631
103,2016,AZ,828,1145202,244636664,18333823,11533785,18689287,1.019388,11889249,6800038,14358.99638,10.38179203
104,2016,CA,23001,6182459,9427422672,451247627,272598027,309936106,0.686842,131286506,178649600,5707.860789,21.23532174
105,2016,CO,15251,6273046,1036905926,160866568,97245377,72956110,0.453519,9334919,63621191,612.0856993,1.48809988
106,2016,CT,202,18560,20933517,4707586,2895305,2563964,0.544645,751683,1812281,3721.20297,40.50016164
107,2016,DE,1518,292974,101389059,8855085,5370247,3304179,0.373139,-180659,3484838,-119.0111989,-0.616638337
108,2016,FL,5144,1664019,984636759,62520293,38530316,47773618,0.764129,23783641,23989977,4623.569401,14.29289029
109,2016,GA,15159,2436151,1255061906,147550895,94251792,152476914,1.033385,99177811,53299103,6542.503529,40.71086357
110,2016,HI,123,28903,86698744,1229091,742688,1068355,0.869223,581952,486403,4731.317073,20.1346573
111,2016,IA,123286,21864382,10958040068,596682101,316526583,54281170,0.090971,-225874348,280155518,-1832.116769,-10.33069894
112,2016,ID,5603,2043757,889155815,54194422,29741848,14384419,0.265422,-10068155,24452574,-1796.922185,-4.9262975
113,2016,IL,120637,19023048,9309364070,625697380,353610995,92077519,0.147159,-180008866,272086385,-1492.153038,-9.462672123
114,2016,IN,46269,9363150,4428344160,339693579,189087869,78142460,0.230038,-72463250,150605710,-1566.12959,-7.739195677
115,2016,KS,119155,18775918,4115969621,602449715,371247318,77649920,0.12889,-153552477,231202397,-1288.678419,-8.178160823
116,2016,KY,16557,3308037,1371841149,142159334,90731985,122905989,0.864565,71478640,51427349,4317.125083,21.60756969
117,2016,LA,8195,3001057,947339083,75189101,52805156,99412803,1.32217,77028858,22383945,9399.49457,25.66724257
118,2016,MA,438,25200,40864651,3066382,1907056,3578489,1.167006,2419163,1159326,5523.203196,95.99853175
119,2016,MD,4422,850277,270143375,29160672,18427253,10615025,0.364018,-118394,10733419,-26.77385798,-0.139241682
120,2016,ME,482,109650,74972575,10022409,6648196,4293330,0.428373,919117,3374213,1906.881743,8.382279982
121,2016,MI,21701,4122693,1683473585,160169470,105271963,46164979,0.288225,-8732528,54897507,-402.4021013,-2.118161115
122,2016,MN,79048,17606168,7535604698,558995390,341256266,118422108,0.211848,-99317016,217739124,-1256.414027,-5.641035346
123,2016,MO,52644,9170143,2955074080,356529569,232207682,79673581,0.223469,-44648306,124321887,-848.1176582,-4.868877835
124,2016,MS,8246,3651005,1175250619,120834325,84853528,108161430,0.895121,72180633,35980797,8753.411715,19.77007235
125,2016,MT,14354,9431540,999575717,149132070,90808767,74336518,0.49846,16013215,58323303,1115.592518,1.697836727
126,2016,NC,18924,3647261,1479528359,171458531,110075306,269334227,1.570841,207951002,61383225,10988.74456,57.01566244
127,2016,ND,56732,23218072,4969914982,849746216,578961258,291460905,0.342997,20675947,270784958,364.4494641,0.890510935
128,2016,NE,84937,16421644,6749444700,507213314,290393532,117963237,0.232571,-98856545,216819782,-1163.880818,-6.019893319
129,2016,NH,73,8645,4631945,524475,352531,1110424,2.11721,938480,171944,12855.89041,108.5575477
130,2016,NJ,1013,153558,67058556,5790555,4217409,4281264,0.739352,2708118,1573146,2673.364265,17.63579885
131,2016,NM,1660,4812193,220987975,30031956,18541579,25125203,0.836615,13634826,11490377,8213.750602,2.833391346
132,2016,NV,244,3940378,62843226,9968283,5543809,14251584,1.429692,9827110,4424474,40275.04098,2.493951088
133,2016,NY,4514,1063464,526072670,47698023,31567900,65357447,1.370233,49227324,16130123,10905.47718,46.28960078
134,2016,OH,43734,7001948,2920408931,237348294,141992379,80596282,0.339569,-14759633,95355915,-337.4864636,-2.107932393
135,2016,OK,21048,6338358,763491851,175692781,115492775,55112658,0.313687,-5087348,60200006,-241.7022045,-0.802628693
136,2016,OR,3135,1255552,394392131,31038938,17024215,26638413,0.858225,12623690,14014723,4026.695375,10.05429484
137,2016,PA,8828,1181211,443608610,59388366,40261295,58262900,0.981049,39135829,19127071,4433.147825,33.13195441
138,2016,RI,30,1141,1202089,79984,57908,226952,2.837467,204876,22076,6829.2,179.5582822
139,2016,SC,5985,1260756,401104828,68586361,45197506,73632964,1.07358,50244109,23388855,8395.005681,39.85236556
140,2016,SD,52069,16425737,4198856378,673444073,473959454,164003976,0.24353,-35480643,199484619,-681.4158712,-2.16006399
141,2016,TN,11146,2652807,811216926,93440189,62296737,49666066,0.531527,18522614,31143452,1661.817154,6.982269724
142,2016,TX,76073,37758928,4152144572,882383503,597635606,497753211,0.5641,213005314,284747897,2800.012015,5.641190714
143,2016,UT,478,665401,38798672,4224941,2706541,2126201,0.503249,607801,1518400,1271.550209,0.913435658
144,2016,VA,6668,1226337,447233019,61831433,40527211,52049838,0.841802,30745616,21304222,4610.920216,25.07109873
145,2016,VT,378,73403,26797673,3195788,2112141,880890,0.27564,-202757,1083647,-536.3941799,-2.76224405
146,2016,WA,11639,2931274,2136785365,116907437,64267188,48699507,0.416564,-3940742,52640249,-338.5808059,-1.344378588
147,2016,WI,33351,5230787,2246262554,217498539,140914954,31015547,0.142601,-45568038,76583585,-1366.316992,-8.711507083
148,2016,WV,342,49588,17637953,2177883,1419396,1125890,0.516965,367403,758487,1074.277778,7.409111075
149,2016,WY,2148,2048596,130139971,17344790,9986890,16511002,0.951928,9153102,7357900,4261.22067,4.467987832
150,2017,AK,14,6448,634843,72292,57062,13953,0.193008,-1277,15230,-91.21428571,-0.198045906
151,2017,AL,6782,1398448,506145197,71715232,48656323,38661907,0.539103,15602998,23058909,2300.648481,11.15736731
152,2017,AR,15811,5278722,1570085219,132754641,92821448,153817035,1.158656,113883842,39933193,7202.823477,21.57413139
153,2017,AZ,1055,15606243,511391184,97609450,54384878,106389663,1.089952,63165091,43224572,59872.12417,4.047424547
154,2017,CA,22220,6488119,7763732780,377519277,231388094,291233705,0.77144,145102522,146131183,6530.266517,22.3643435
155,2017,CO,14946,6852574,1044422099,172214461,102604705,108036285,0.627335,38426529,69609756,2571.024287,5.607605113
156,2017,CT,210,17962,23607555,5239932,3256354,2433064,0.464331,449486,1983578,2140.409524,25.02427347
157,2017,DE,1399,316688,108747402,9696002,5878928,934616,0.096391,-2882458,3817074,-2060.370264,-9.101885768
158,2017,FL,4741,1863991,1003434389,71251610,42280067,86956530,1.220414,57984987,28971543,12230.53934,31.10797584
159,2017,GA,14637,2722487,1445311815,163476208,104999414,177952333,1.088551,119475539,58476794,8162.57013,43.88470505
160,2017,HI,115,28544,88082754,966567,594444,987686,1.021849,615563,372123,5352.721739,21.56540779
161,2017,IA,121898,21871916,11787461819,695245421,372086965,164859758,0.237124,-158298698,323158456,-1298.61604,-7.237532277
162,2017,ID,5413,2072319,835771188,51233585,28151108,43514473,0.849334,20431996,23082477,3774.615925,9.859483989
163,2017,IL,118680,19288056,10130553664,695521666,393660787,178394303,0.256489,-123466576,301860879,-1040.331783,-6.40119336
164,2017,IN,45001,9518345,4792554152,380498762,212162276,118859770,0.312378,-49476716,168336486,-1099.458145,-5.198037684
165,2017,KS,115165,19254629,4368157132,619270475,385241806,284173303,0.458883,50144634,234028669,435.415569,2.604289805
166,2017,KY,16320,3377406,1506087179,155684948,99547809,92588878,0.594719,36451739,56137139,2233.562439,10.79282118
167,2017,LA,7373,2780852,977876171,83306736,59442469,52903305,0.635042,29039038,23864267,3938.564763,10.44249676
168,2017,MA,428,25732,39705892,3151695,2042981,2465932,0.782414,1357218,1108714,3171.070093,52.74436499
169,2017,MD,4238,851832,293398812,31923637,20093142,4682111,0.146665,-7148384,11830495,-1686.735252,-8.391776782
170,2017,ME,461,109370,78339172,10665440,7090531,2990882,0.280427,-584027,3574909,-1266.869848,-5.339919539
171,2017,MI,20568,4201018,1790595651,175560095,116518018,94184651,0.53648,35142574,59042077,1708.604337,8.365251946
172,2017,MN,77349,17647599,8118022380,631682215,387068438,141917222,0.224665,-102696555,244613777,-1327.70372,-5.819293321
173,2017,MO,51387,9559706,3286357693,383883351,250811478,117883547,0.307081,-15188326,133071873,-295.5674782,-1.588785889
174,2017,MS,7185,3578570,1227451332,127007146,91966789,79947057,0.629468,44906700,35040357,6250.06263,12.54878345
175,2017,MT,14135,9033361,1018778804,154353953,94832881,239218375,1.549804,179697303,59521072,12712.93265,19.89262944
176,2017,NC,17574,3382592,1555770653,185495131,119687707,142933769,0.770552,77126345,65807424,4388.661944,22.80096003
177,2017,ND,54965,23224969,5528578374,924906066,634736379,567996344,0.614112,277826657,290169687,5054.610334,11.96241239
178,2017,NE,83543,18033094,7256776293,549236563,317680166,165615398,0.301537,-65940999,231556397,-789.3060939,-3.65666585
179,2017,NH,68,7488,4048159,440371,293835,341867,0.776315,195331,146536,2872.514706,26.08587073
180,2017,NJ,974,154809,70711614,6258739,4508914,1239348,0.198018,-510477,1749825,-524.1036961,-3.297463326
181,2017,NM,1762,7659171,277155545,43736990,25979886,39114303,0.894307,21357199,17757104,12120.9983,2.788447862
182,2017,NV,233,4554715,59039995,9023910,5001969,3026680,0.335406,-995261,4021941,-4271.506438,-0.218512245
183,2017,NY,4449,1081357,537598106,52575871,34403595,73188760,1.392059,55016484,18172276,12366.03372,50.87726255
184,2017,OH,42314,7033349,3195439691,267415210,161281648,92498914,0.345899,-13634648,106133562,-322.2254573,-1.938571227
185,2017,OK,19881,6324994,791831598,175456802,115938197,86798898,0.494702,27280293,59518605,1372.179116,4.313093894
186,2017,OR,3003,1496749,386219748,31270379,17319444,20659203,0.660663,6708268,13950935,2233.855478,4.481892422
187,2017,PA,8486,1183592,468051436,58726714,39685596,22985507,0.391397,3944389,19041118,464.8113363,3.33255801
188,2017,RI,28,1097,1143583,87575,61604,182642,2.085549,156671,25971,5595.392857,142.8176846
189,2017,SC,5370,1144391,436094442,74658712,50095917,55891134,0.748621,31328339,24562795,5833.955121,27.37555521
190,2017,SD,50814,17437787,4671487060,663415812,469972383,352044329,0.530654,158600900,193443429,3121.204786,9.095242418
191,2017,TN,11258,2783307,914019852,104920875,70869382,44275429,0.421988,10223936,34051493,908.1485166,3.673305173
192,2017,TX,70940,39359884,4616778653,963075890,654647231,751094769,0.779891,442666110,308428659,6240.007189,11.24663147
193,2017,UT,430,803813,34498008,4156137,2616498,8546981,2.056472,7007342,1539639,16296.14419,8.71762711
194,2017,VA,6546,1204338,484148866,66303054,43775749,33124812,0.499597,10597507,22527305,1618.928659,8.799445837
195,2017,VT,344,70882,24520816,2961949,1942404,4567001,1.54189,3547456,1019545,10312.37209,50.04734629
196,2017,WA,11552,3221892,2310262778,125635271,69982506,71748152,0.571082,16095387,55652765,1393.298736,4.99563207
197,2017,WI,31756,5283819,2350671959,229023424,149865357,101647670,0.44383,22489603,79158067,708.2001197,4.256315934
198,2017,WV,343,51346,19418014,2132479,1418060,515142,0.241569,-199277,714419,-580.9825073,-3.881061816
199,2017,WY,2072,2470837,128124072,17029229,9784090,10401686,0.610813,3156547,7245139,1523.430019,1.277521342
200,2018,AK,16,6759,793124,79666,64136,96707,1.213905,81177,15530,5073.5625,12.01020861
201,2018,AL,6351,1353384,511699243,67069861,45412414,49990124,0.745344,28332677,21657447,4461.136356,20.93469185
202,2018,AR,16116,5313517,1768265745,131853344,92140702,122854158,0.931748,83141516,39712642,5158.942417,15.6471723
203,2018,AZ,1198,24358814,628708078,129457110,71202090,155840165,1.203797,97585145,58255020,81456.71536,4.006153378
204,2018,CA,22169,6669486,7771582477,377087146,229636318,294345164,0.780575,146894336,147450828,6626.114665,22.0248361
205,2018,CO,14505,7104953,1058428383,163864114,98862784,143906145,0.878204,78904815,65001330,5439.835574,11.10560689
206,2018,CT,213,18364,28059715,6516095,4094220,2085475,0.320049,-336400,2421875,-1579.342723,-18.31844914
207,2018,DE,1412,319927,108266789,8881765,5408817,7659191,0.86235,4186243,3472948,2964.761331,13.08499439
208,2018,FL,4567,2163806,933953142,72973722,42477555,203826828,2.793153,173330661,30496167,37952.84892,80.10452924
209,2018,GA,14196,2699967,1463098980,171023753,109777631,378121910,2.210932,316875788,61246122,22321.48408,117.3628374
210,2018,HI,115,28461,93281448,1045166,638482,1234918,1.181552,828234,406684,7202.034783,29.10066407
211,2018,IA,119874,21813914,11947363198,625280785,336063811,326905407,0.522813,37688433,289216974,314.4003954,1.72772447
212,2018,ID,5242,2599453,903667942,56372436,30959209,24780852,0.439591,-632375,25413227,-120.6362076,-0.243272335
213,2018,IL,118391,19390470,10563561797,646217972,368747684,104630432,0.161911,-172839856,277470288,-1459.907054,-8.913649643
214,2018,IN,45106,9538681,5025094276,352339689,198653049,77907290,0.221114,-75779350,153686640,-1680.028156,-7.944426488
215,2018,KS,112983,19292383,4561493642,605093262,377248819,341118767,0.563745,113274324,227844443,1002.578476,5.871453205
216,2018,KY,16088,3472093,1524207772,144211796,92842500,111811088,0.775325,60441792,51369296,3756.948782,17.40788395
217,2018,LA,7211,2863471,1093701492,79424795,56582383,83783382,1.054876,60940970,22842412,8451.11219,21.28220261
218,2018,MA,439,26102,38629402,3587040,2314357,1481059,0.412891,208376,1272683,474.6605923,7.983143054
219,2018,MD,4074,851826,295526508,28666132,18219154,20356480,0.710123,9909502,10446978,2432.376534,11.6332467
220,2018,ME,440,109013,78778974,10772895,7158197,5388878,0.500225,1774180,3614698,4032.227273,16.27493969
221,2018,MI,20236,4121763,1822075401,155994020,102983499,88478696,0.567192,35468175,53010521,1752.726576,8.60509811
222,2018,MN,76242,17574088,8276280847,574922604,354254863,365129668,0.635093,144461927,220667741,1894.781446,8.220166361
223,2018,MO,51386,9740251,3490292769,383120155,251019510,265285910,0.692435,133185265,132100645,2591.858969,13.67369948
224,2018,MS,7487,3744505,1321027889,124596227,89516885,84839539,0.680915,49760197,35079342,6646.213036,13.28885847
225,2018,MT,13604,10174674,1126156055,171100809,104880103,113046298,0.660699,46825592,66220706,3442.045869,4.602171234
226,2018,NC,17283,3414710,1606543743,185529173,119258125,356084237,1.919289,289813189,66271048,16768.68536,84.87197712
227,2018,ND,53109,23581332,5867282699,874422325,599393597,328547474,0.37573,53518746,275028728,1007.71519,2.269538718
228,2018,NE,81015,17962067,7392700147,518605909,303084928,172186931,0.332018,-43334050,215520981,-534.889218,-2.412531364
229,2018,NH,69,8484,4707963,497331,325928,295856,0.594887,124453,171403,1803.666667,14.66914191
230,2018,NJ,985,153659,78930760,5862862,4222039,9732060,1.65995,8091237,1640823,8214.453807,52.65709786
231,2018,NM,1795,8617891,319792025,50897382,30232846,61037607,1.199228,40373071,20664536,22491.96156,4.684797127
232,2018,NV,234,8017549,128335003,26541141,14629313,32185816,1.212676,20273988,11911828,86640.97436,2.528701477
233,2018,NY,4376,1086774,589410016,55231857,36324373,25736315,0.465968,6828831,18907484,1560.518967,6.283579659
234,2018,OH,41701,7029893,3243320976,238444472,145325246,56549019,0.237158,-36570207,93119226,-876.962351,-5.202100089
235,2018,OK,18713,6330313,873687305,185064012,123285427,201671453,1.089738,139892868,61778585,7475.705018,22.09888642
236,2018,OR,3020,3037661,441890934,37111887,20943497,29723545,0.800917,13555155,16168390,4488.461921,4.462365945
237,2018,PA,8148,1162776,472625758,55722587,37659187,42851261,0.76901,24787861,18063400,3042.20189,21.31782992
238,2018,RI,30,1290,1219662,102938,69117,128459,1.247925,94638,33821,3154.6,73.3627907
239,2018,SC,5163,1140974,452963282,77855592,51910811,97475303,1.252001,71530522,25944781,13854.44935,62.69250833
240,2018,SD,50315,18265605,4718967844,592050402,417865017,271427144,0.458452,97241759,174185385,1932.659426,5.323763379
241,2018,TN,10641,2831494,957525764,89760563,61047947,51393660,0.572563,22681044,28712616,2131.476741,8.010274435
242,2018,TX,70713,38034812,5162895142,1145035596,781329112,1641892480,1.433922,1278185996,363706484,18075.68617,33.60568723
243,2018,UT,581,5282086,72603905,13487216,7531648,17402792,1.290317,11447224,5955568,19702.62306,2.167178649
244,2018,VA,6503,1224494,504010433,64353739,42708940,45677917,0.709794,24033118,21644799,3695.697063,19.62697898
245,2018,VT,310,70982,25148497,2872955,1899573,1305880,0.454542,332498,973382,1072.574194,4.684257981
246,2018,WA,11419,3274397,2470160356,132345782,73610233,51693705,0.390595,-7041844,58735549,-616.6778177,-2.150577343
247,2018,WI,31026,5236412,2373669295,209481935,138224169,112136653,0.535304,40878887,71257766,1317.568717,7.806659789
248,2018,WV,317,51276,19621592,2129886,1397850,1766815,0.829535,1034779,732036,3264.287066,20.18057181
249,2018,WY,1970,4002142,144779553,19879866,11194070,12507609,0.629159,3821813,8685796,1940.006599,0.954941879
250,2019,AK,12,5782,889037,97232,75798,14310,0.147173,-7124,21434,-593.6666667,-1.23209962
251,2019,AL,6393,1418198,544293684,66621502,44374517,60766337,0.912112,38519352,22246985,6025.238855,27.16077163
252,2019,AR,17268,5731585,1795265271,154732786,103796456,319265170,2.063332,268328840,50936330,15539.08038,46.81581796
253,2019,AZ,1182,28811394,483524730,92663263,50574947,59615285,0.643354,17526969,42088316,14828.23096,0.60833464
254,2019,CA,22466,8833765,8001761614,394353667,239784020,363012275,0.920524,208442628,154569647,9278.137096,23.59612555
255,2019,CO,14048,8560791,1102833050,174347972,105972096,96625786,0.554212,28249910,68375876,2010.956008,3.299918197
256,2019,CT,209,18577,30995371,7869830,5003496,678744,0.086246,-2187590,2866334,-10466.9378,-117.7579803
257,2019,DE,1430,324220,115882554,9716990,5911291,3593472,0.369813,-212227,3805699,-148.4104895,-0.654577139
258,2019,FL,4879,2356602,1013217010,80174201,46111058,54011349,0.673674,19948206,34063143,4088.584956,8.464817564
259,2019,GA,14199,2724852,1517715390,166916260,105042342,205558451,1.231506,143684533,61873918,10119.34171,52.73113292
260,2019,HI,92,15813,42734713,837219,495404,2102860,2.51172,1761045,341815,19141.79348,111.3669133
261,2019,IA,118260,21797357,12007386952,634444736,341410231,278615462,0.439148,-14419043,293034505,-121.9266278,-0.661504191
262,2019,ID,5157,3826060,961994433,62076497,33702600,41708354,0.671886,13334457,28373897,2585.700407,3.485166725
263,2019,IL,121181,19575142,10507994807,671776993,386793120,691974995,1.030066,406991122,284983873,3358.539061,20.79122195
264,2019,IN,46338,9639882,4915948431,358816515,203414044,441184251,1.229553,285781780,155402471,6167.330916,29.64577575
265,2019,KS,112954,20732473,4888251180,694490773,433186302,296066529,0.426307,34762058,261304471,307.7541123,1.676696166
266,2019,KY,16148,3462144,1559604949,154333390,99880357,141123679,0.914407,86670646,54453033,5367.268145,25.03380737
267,2019,LA,7484,2921963,1100484386,83113333,56677986,133169114,1.602259,106733767,26435347,14261.59367,36.52810354
268,2019,MA,432,23724,48616950,4076337,2581689,1872814,0.459435,378166,1494648,875.3842593,15.9402293
269,2019,MD,3950,842475,304329590,29275952,18560405,12065536,0.412131,1349989,10715547,341.7693671,1.60240838
270,2019,ME,419,104755,83363742,9857921,6560939,9273019,0.940666,5976037,3296982,14262.61814,57.04774951
271,2019,MI,20857,4141387,1717791955,156654709,101449829,298985814,1.908565,243780934,55204880,11688.20703,58.86456252
272,2019,MN,74948,17575201,8103711819,583176698,358539892,808723551,1.386755,584086745,224636806,7793.22657,33.23357411
273,2019,MO,51870,10072769,3382748726,406639792,261687570,464958675,1.143416,320006453,144952222,6169.393734,31.7694621
274,2019,MS,7670,3799184,1331376140,127164184,87695166,215337379,1.69338,175868361,39469018,22929.38214,46.29108803
275,2019,MT,13198,10521294,1090354877,161754352,99071055,115404382,0.713454,52721085,62683297,3994.626837,5.010893622
276,2019,NC,17307,3485886,1499276680,183227620,116318219,246858962,1.34728,179949561,66909401,10397.50165,51.62233102
277,2019,ND,53319,23675185,5682107550,845949865,585124961,925935087,1.09455,665110183,260824904,12474.16836,28.09313562
278,2019,NE,78333,18086655,7503093196,532121016,314649634,249009672,0.467956,31538290,217471382,402.6181814,1.743732603
279,2019,NH,63,6383,3746387,368975,245247,204080,0.553099,80352,123728,1275.428571,12.58843804
280,2019,NJ,953,151919,81737989,6051403,4321947,6144242,1.015341,4414786,1729456,4632.514166,29.06013073
281,2019,NM,1974,15148783,370701577,65357660,37462306,54938391,0.84058,27043037,27895354,13699.61348,1.785162346
282,2019,NV,360,19223882,250388104,59549562,32420710,44744620,0.751384,17615768,27128852,48932.68889,0.916348113
283,2019,NY,4509,1087007,548242333,55808390,36371466,80291580,1.4387,60854656,19436924,13496.26436,55.98368364
284,2019,OH,43594,7132262,3057302364,243412056,145650571,520775004,2.139479,423013519,97761485,9703.480273,59.30986817
285,2019,OK,17845,6568131,867281997,179496771,118352883,123949591,0.690539,62805703,61143888,3519.512637,9.562187934
286,2019,OR,3185,6281993,542084271,53936230,30139619,42335401,0.784915,18538790,23796611,5820.656201,2.951100073
287,2019,PA,7908,1166703,472230605,56469982,38145127,37042861,0.655974,18718006,18324855,2366.970916,16.0435055
288,2019,RI,27,1059,1222882,97043,64456,115243,1.187545,82656,32587,3061.333333,78.0509915
289,2019,SC,5388,1219839,467839521,87064412,57042632,100034462,1.14897,70012682,30021780,12994.18745,57.39501852
290,2019,SD,50024,18172528,4341320899,651153234,457290104,1095098859,1.681783,901235729,193863130,18016.06687,49.59330529
291,2019,TN,11091,2874380,990027919,93126691,62645532,64467817,0.692259,33986658,30481159,3064.345686,11.82399613
292,2019,TX,67099,39026357,4798493942,1022165458,686412022,1226147610,1.199558,890394174,335753436,13269.85758,22.81520087
293,2019,UT,912,11702143,108919017,21903216,11999766,16020884,0.731439,6117434,9903450,6707.712719,0.522761857
294,2019,VA,6284,1233459,484989250,60187552,39290220,47077736,0.782183,26180404,20897332,4166.200509,21.22519192
295,2019,VT,283,70004,23028457,2467348,1627589,3190716,1.293176,2350957,839759,8307.268551,33.58318096
296,2019,WA,11286,3603411,2633150022,141120509,77402852,109392210,0.775168,45674553,63717657,4047.009835,12.67536592
297,2019,WI,29973,5192090,2380199328,221406384,145542755,247793528,1.119179,171929899,75863629,5736.159177,33.11381332
298,2019,WV,307,50657,19914577,2013133,1337539,806393,0.400566,130799,675594,426.0553746,2.582051839
299,2019,WY,1863,5741772,152735953,20854179,11835866,19288812,0.924937,10270499,9018313,5512.881911,1.788733339
300,2020,AK,13,5495,755384,84693,66076,21770,0.257046,3153,18617,242.5384615,0.573794359
301,2020,AL,7310,1373394,563931087,68141896,44986953,76116488,1.117029,52961545,23154943,7245.081395,38.56252831
302,2020,AR,17030,5721973,2040352675,162160482,108945211,271493609,1.674227,218278338,53215271,12817.2835,38.14739042
303,2020,AZ,1252,30146291,495645034,96921670,52620552,159214857,1.642716,114913739,44301118,91784.13658,3.811869891
304,2020,CA,22282,8943448,8927768455,434606460,262323369,614008988,1.412793,441725897,172283091,19824.3379,49.39100635
305,2020,CO,14313,9550976,1076097918,174549620,104786239,260587173,1.492911,190823792,69763381,13332.20094,19.97950702
306,2020,CT,214,18454,32998439,8161526,5378758,4063438,0.497877,1280670,2782768,5984.439252,69.3979625
307,2020,DE,1512,317989,116595954,8857005,5411446,2319615,0.261896,-1125944,3445559,-744.6719577,-3.540826884
308,2020,FL,5457,2468944,1245978588,105194566,60844911,97552329,0.927351,53202674,44349655,9749.43632,21.54875688
309,2020,GA,17215,2707875,1635236926,176578849,109719939,144169344,0.816458,77310434,66858910,4490.876213,28.55022259
310,2020,HI,99,16345,45720680,883671,523074,2176383,2.462888,1815786,360597,18341.27273,111.0912206
311,2020,IA,117081,21822675,11982818826,609597070,329575253,618303328,1.014281,338281511,280021817,2889.294685,15.50137694
312,2020,ID,5347,5586780,966358380,66478376,35984663,42821862,0.644147,12328149,30493713,2305.619787,2.206664483
313,2020,IL,121447,19697551,10949870143,643974427,372996986,178865289,0.277752,-92112152,270977441,-758.4555567,-4.676325092
314,2020,IN,46254,9689173,5095193443,343817015,196049769,68843786,0.200233,-78923460,147767246,-1706.305617,-8.1455311
315,2020,KS,108797,20239545,4612380010,632559933,396527002,247893689,0.391889,11860758,236032931,109.0173258,0.586019004
316,2020,KY,15984,3462946,1528914308,149584799,96067283,99871753,0.667659,46354237,53517516,2900.039852,13.38578107
317,2020,LA,7806,2915113,1199293434,88030465,59677467,124136256,1.410151,95783258,28352998,12270.46605,32.85747688
318,2020,MA,451,26529,45477706,4198017,2668789,3023189,0.720146,1493961,1529228,3312.552106,56.31425987
319,2020,MD,4198,834950,307581980,27810813,17668199,10716608,0.385339,573994,10142614,136.7303478,0.687459129
320,2020,ME,428,107155,88297729,9927942,6530447,9244934,0.931203,5847439,3397495,13662.24065,54.56991274
321,2020,MI,21470,4270450,1986039276,161219544,104919519,81201440,0.503669,24901415,56300025,1159.823707,5.831098596
322,2020,MN,73993,17552811,8124954836,573788243,349839291,230909908,0.40243,6960956,223948952,94.07587204,0.39657215
323,2020,MO,50228,10046931,3477164252,384578738,251583296,168141412,0.437209,35145970,132995442,699.7286374,3.498179693
324,2020,MS,7511,3889110,1373090908,124391007,86027227,148973095,1.197619,110609315,38363780,14726.31008,28.44077822
325,2020,MT,12674,10881757,1014474025,156194364,95568572,56082015,0.359052,-4543777,60625792,-358.5116774,-0.417559131
326,2020,NC,24278,3459191,1631582826,217085430,138779025,334208783,1.539526,255902378,78306405,10540.5049,73.97752191
327,2020,ND,52808,23359789,5419487146,862880623,587430097,1032996590,1.197148,757546064,275450526,14345.2898,32.42949087
328,2020,NE,76580,17773860,7505904787,513118310,303922478,211526124,0.412236,2330292,209195832,30.42951162,0.131107818
329,2020,NH,74,8271,4713592,446685,291484,255747,0.572544,100546,155201,1358.72973,12.15645025
330,2020,NJ,953,149625,81312802,5998570,4230239,2484581,0.414195,716250,1768331,751.5739769,4.786967419
331,2020,NM,2078,17136444,402521143,69512814,39170954,133919682,1.926546,103577822,30341860,49844.95765,6.04430079
332,2020,NV,387,25156487,316757540,79273195,42635766,151965392,1.916983,115327963,36637429,298005.0724,4.58442242
333,2020,NY,4504,1071222,579605213,55766937,36639416,35657378,0.639399,16529857,19127521,3670.039298,15.4308416
334,2020,OH,43921,7195990,3307077619,234102065,142817591,81262871,0.347125,-10021603,91284474,-228.1733795,-1.392664943
335,2020,OK,17453,6702414,789638984,159088069,104781856,105242868,0.661538,50936655,54306213,2918.504269,7.599747643
336,2020,OR,3403,8143675,587499276,62068086,34667149,87376701,1.407755,59975764,27400937,17624.37967,7.364705001
337,2020,PA,7872,1152761,473554486,54038987,36415632,65202521,1.206582,47579166,17623355,6044.101372,41.27409411
338,2020,RI,31,1297,1294858,107110,70733,338530,3.160582,302153,36377,9746.870968,232.9629915
339,2020,SC,7616,1156669,499267776,94793891,60917106,100793184,1.063287,66916399,33876785,8786.291886,57.85267782
340,2020,SD,47953,16423131,4572860233,595096069,421361628,497836872,0.836565,324102431,173734441,6758.751924,19.73450927
341,2020,TN,10841,2894796,980565472,86309192,58499565,60682336,0.70308,32872709,27809627,3032.258002,11.35579467
342,2020,TX,69147,42437696,4769579672,1011945241,675664437,1528599785,1.510555,1192318981,336280804,17243.24961,28.09575197
343,2020,UT,944,12945409,115771189,23768912,12910674,54075531,2.275052,43217293,10858238,45781.03072,3.338426233
344,2020,VA,7617,1208243,501694921,62222656,40326460,65298550,1.049433,43402354,21896196,5698.090324,35.92187499
345,2020,VT,286,74720,26548737,2789064,1823182,2147984,0.770145,1182102,965882,4133.223776,15.82042291
346,2020,WA,10859,4936033,2689807063,150492358,82686452,118981588,0.790615,51175682,67805906,4712.743531,10.3677755
347,2020,WI,30385,5180974,2441505995,212134910,140396561,72202884,0.340363,464535,71738349,15.28830015,0.089661712
348,2020,WV,317,53977,21411861,2492509,1638127,2431984,0.975717,1577602,854382,4976.662461,29.22730052
349,2020,WY,1884,7292941,168356205,23765581,13384671,30030708,1.263621,19649798,10380910,10429.82909,2.694358559
350,2021,AK,13,5118,762207,93555,74497,68815,0.735556,49757,19058,3827.461538,9.721961704
351,2021,AL,7810,1427806,677596784,85810118,57086088,46294830,0.539503,17570800,28724030,2249.78233,12.30615364
352,2021,AR,16801,5529327,2269461075,188124950,129798216,222399594,1.18219,164072860,58326734,9765.660377,29.67320616
353,2021,AZ,1466,30247997,513580872,101465533,55247105,133069905,1.311478,86851477,46218428,59243.84516,2.87131333
354,2021,CA,22896,11249560,8796835438,459610634,271514885,551527340,1.199988,363431591,188095749,15873.14776,32.30629385
355,2021,CO,15274,12928641,1313744704,229529100,137221347,187202434,0.815593,94894681,92307753,6212.824473,7.33988058
356,2021,CT,244,19242,39857841,9717012,6439839,20288503,2.087936,17011330,3277173,69718.56557,884.0728614
357,2021,DE,1469,313122,143580879,11744959,7174267,1982609,0.168805,-2588083,4570692,-1761.799183,-8.26541412
358,2021,FL,6338,2803761,1505474336,147463728,85951004,112549493,0.763235,51036769,61512724,8052.503787,18.20296701
359,2021,GA,18402,2763107,1883651530,222386256,138718329,156820910,0.705173,73152983,83667927,3975.273503,26.47490054
360,2021,HI,116,16233,46241468,903305,533474,1675633,1.855002,1305802,369831,11256.91379,80.44120002
361,2021,IA,124299,22013579,14862932347,1053250717,565288065,114090482,0.108322,-373872170,487962652,-3007.845357,-16.98370674
362,2021,ID,5687,7055448,1130460011,80510221,43375036,185846872,2.308363,148711687,37135185,26149.40865,21.07756828
363,2021,IL,126237,19843176,13181143858,978787365,567807793,126456871,0.129197,-284522701,410979572,-2253.877239,-14.33856662
364,2021,IN,49739,9744340,6218541177,525736619,303204685,66274163,0.126059,-156257771,222531934,-3141.554334,-16.03574701
365,2021,KS,113342,21683080,5767368958,874419045,549955737,285264330,0.326232,-39198978,324463308,-345.8468882,-1.807814111
366,2021,KY,16477,3470141,1895256607,205293096,132887812,72694051,0.354098,288767,72405284,17.52545973,0.083214774
367,2021,LA,8883,2827728,1410914832,115680081,79621108,123936550,1.071373,87877577,36058973,9892.78138,31.07709688
368,2021,MA,458,26719,51649331,4820279,3050619,10434372,2.164682,8664712,1769660,18918.58515,324.2902803
369,2021,MD,4193,835219,379048359,36505839,23493940,7275544,0.199298,-5736355,13011899,-1368.078941,-6.868084897
370,2021,ME,442,104629,95656459,10117277,6641825,5483689,0.542012,2008237,3475452,4543.522624,19.19388506
371,2021,MI,23469,4287054,2397241616,221637341,143106810,76440629,0.34489,-2089902,78530531,-89.04946951,-0.48749141
372,2021,MN,75089,17743200,10030474454,833695740,511223965,526276739,0.631257,203804964,322471775,2714.178695,11.48637022
373,2021,MO,50721,9964274,4341980060,501639591,332242235,236041115,0.470539,66643759,169397356,1313.928333,6.688270415
374,2021,MS,7305,3599936,1539376001,140849385,102252352,122853138,0.87223,84256105,38597033,11534.03217,23.4048897
375,2021,MT,13069,12072976,1263960626,200913804,123548065,566910461,2.82166,489544722,77365739,37458.46828,40.54880271
376,2021,NC,25194,3471805,1928686710,274928873,177014692,169323600,0.615881,71409419,97914181,2834.381956,20.56838417
377,2021,ND,54844,24109189,7376355549,1084518854,744943725,1791421943,1.651812,1451846814,339575129,26472.29987,60.21964546
378,2021,NE,78692,19665458,9201128415,746921617,446919695,190608489,0.255192,-109393433,300001922,-1390.146813,-5.562719821
379,2021,NH,76,7850,5038172,427319,276536,213322,0.49921,62539,150783,822.8815789,7.966751592
380,2021,NJ,987,154187,95490875,7965663,5577733,1792942,0.225083,-594988,2387930,-602.8247214,-3.858872668
381,2021,NM,2440,23844665,524128978,100082952,55855293,131507706,1.313987,87280047,44227659,35770.51107,3.66035954
382,2021,NV,496,32258997,411845245,103557003,55475763,116713285,1.127043,68632045,48081240,138371.0585,2.127531894
383,2021,NY,4569,1107198,658140369,69172067,46142528,34354400,0.496651,11324861,23029539,2478.630116,10.22839727
384,2021,OH,47312,7244077,4112779003,360716163,221501932,35739015,0.099077,-103475216,139214231,-2187.08184,-14.28411321
385,2021,OK,17775,7015387,961110477,207815875,139783468,100735383,0.484733,32702976,68032407,1839.829873,4.661606837
386,2021,OR,3775,11800814,745974801,85103861,46693127,165815276,1.948387,127404542,38410734,33749.54755,10.79625033
387,2021,PA,8048,1191250,568902036,70178016,47818532,28864753,0.411307,6505269,22359484,808.3087724,5.46087639
388,2021,RI,30,1223,1307699,103926,67311,168253,1.618969,131638,36615,4387.933333,107.635323
389,2021,SC,8177,1166557,614387485,121193717,78843040,33530514,0.276668,-8820163,42350677,-1078.65513,-7.560850434
390,2021,SD,50330,17887964,6214539287,838203147,593235681,705883123,0.842138,460915657,244967466,9157.87119,25.7668037
391,2021,TN,10954,2777037,1228990975,116082178,79400784,40972898,0.352964,4291504,36681394,391.7750593,1.545353555
392,2021,TX,77160,47456199,5876036469,1382012766,919503498,1165607283,0.843412,703098015,462509268,9112.208593,14.81572544
393,2021,UT,1210,18622240,161616301,33986227,18365281,53757210,1.581735,38136264,15620946,31517.57355,2.047888117
394,2021,VA,7804,1226649,604132629,78757269,51382333,38977070,0.494901,11602134,27374936,1486.690671,9.458397635
395,2021,VT,284,79972,31589574,3417474,2195272,2074893,0.607142,852691,1222202,3002.433099,10.66236933
396,2021,WA,11265,4637006,2918104560,150499290,81232176,442017374,2.937006,372750260,69267114,33089.23746,80.3859775
397,2021,WI,32760,5301930,3001069131,305729499,203024228,69736678,0.228099,-32968593,102705271,-1006.367308,-6.218224873
398,2021,WV,316,53989,25801759,3267139,2119443,2294566,0.702316,1146870,1147696,3629.335443,21.24266054
399,2021,WY,1951,10866018,219687876,32971557,18412200,32011386,0.970878,17452029,14559357,8945.171194,1.606110813
400,2022,AK,10,4464,714206,142033,99505,249607,1.757387,207079,42528,20707.9,46.38866487
401,2022,AL,8007,1484052,848059826,111431644,75761886,92791190,0.832718,57121432,35669758,7133.936805,38.49018228
402,2022,AR,17095,5662405,2876667251,261995032,183135645,355350544,1.356325,276491157,78859387,16173.80269,48.82927961
403,2022,AZ,1931,37609116,710631774,137323768,75354073,185471848,1.350617,123502153,61969695,63957.61419,3.283835573
404,2022,CA,23174,13948597,10692304377,571838006,330242981,1486955731,2.600309,1245360706,241595025,53739.56615,89.2821483
405,2022,CO,15294,15187849,1653403643,301489230,182608561,502260180,1.66593,383379511,118880669,25067.3147,25.24251532
406,2022,CT,258,19740,44101561,9107414,5904895,2103602,0.230976,-1098917,3202519,-4259.368217,-55.6695542
407,2022,DE,1461,319039,186288087,15537517,9515335,5821508,0.374674,-200674,6022182,-137.3538672,-0.628995201
408,2022,FL,6435,2914723,1571761799,166316244,98141118,256184986,1.540348,188009860,68175126,29216.76146,64.50350857
409,2022,GA,18546,2755756,2266404380,306003622,202730893,283962687,0.927971,180689958,103272729,9742.799418,65.56819907
410,2022,HI,120,16404,50510522,1026385,603772,3766320,3.6695,3343707,422613,27864.225,203.8348574
411,2022,IA,124785,22097943,19572451740,1363853058,735454814,316708972,0.232216,-311689272,628398244,-2497.81041,-14.10489981
412,2022,ID,6197,8943724,1480565549,121896402,64522386,128865229,1.05717,71491213,57374016,11536.42295,7.993450267
413,2022,IL,125453,19968791,17052996292,1247226403,731842661,123873894,0.099319,-391509848,515383742,-3120.769117,-19.60608672
414,2022,IN,49210,9798645,8000611596,672364559,393519207,78788750,0.117181,-200056602,278845352,-4065.364804,-20.41676191
415,2022,KS,111614,22110235,7608252398,1171003376,737948250,2222617346,1.898045,1789562220,433055126,16033.49239,80.9381818
416,2022,KY,16134,3516356,2387573184,253821649,167080151,169393278,0.667371,82651780,86741498,5122.832528,23.50495229
417,2022,LA,9571,2791283,1803281125,158410642,110410185,170370125,1.075496,122369668,48000457,12785.46317,43.83993597
418,2022,MA,456,23177,54410637,4820723,2992692,2500341,0.518665,672310,1828031,1474.364035,29.00763688
419,2022,MD,4229,856195,489826221,47434198,30718379,13007524,0.274222,-3708295,16715819,-876.8727832,-4.331133679
420,2022,ME,432,105645,113788507,11700353,7694029,4063899,0.347331,57575,4006324,133.275463,0.544985565
421,2022,MI,23018,4414473,3075712903,275719618,178954043,97347929,0.353068,582354,96765575,25.29993918,0.131919257
422,2022,MN,76254,17849180,12727095269,1075923375,656257069,370962853,0.344785,-48703453,419666306,-638.7003042,-2.72861011
423,2022,MO,49988,10137214,5561909498,645967573,430197958,357314957,0.553146,141545342,215769615,2831.586421,13.96294307
424,2022,MS,7786,3624906,2013894069,204453143,151684861,198944609,0.973057,146176327,52768282,18774.25212,40.32554968
425,2022,MT,14399,16411104,1862688142,328985341,204723900,485871191,1.476877,361609750,124261441,25113.53219,22.03445606
426,2022,NC,25281,3420099,2322708839,346435123,226901602,221728449,0.640028,102194928,119533521,4042.360983,29.88069293
427,2022,ND,65807,25555801,9379841674,1538816737,1048017693,1142371685,0.74237,651572641,490799044,9901.266446,25.49607586
428,2022,NE,79606,20573498,12008668630,970646181,579263137,1532947135,1.579305,1141564091,391383044,14340.17651,55.48711702
429,2022,NH,75,8142,6363521,469154,306548,188990,0.402831,26384,162606,351.7866667,3.240481454
430,2022,NJ,955,156883,115752551,9921437,6850302,24098884,2.428971,21027749,3071135,22018.58534,134.0345927
431,2022,NM,2840,27837570,672852354,133260976,74708378,236945864,1.778058,178393266,58552598,62814.53028,6.408363446
432,2022,NV,653,37742798,481710953,127377464,67898108,212756811,1.670286,153277455,59479356,234728.1087,4.061104717
433,2022,NY,4558,1165621,818256625,85388149,57450371,53912155,0.631377,25974377,27937778,5698.634708,22.2837243
434,2022,OH,46464,7340978,5191804445,449572893,279276854,91769243,0.204125,-78526796,170296039,-1690.056732,-10.69704827
435,2022,OK,18861,7734606,1436994832,337214702,230893396,756627376,2.243755,650306070,106321306,34478.87546,84.07746561
436,2022,OR,4086,15269338,946620305,120901722,65337909,154902366,1.281225,99338553,55563813,24311.93172,6.505753753
437,2022,PA,8014,1212215,726225990,87025290,59795887,76646687,0.88074,49417284,27229403,6166.369354,40.76610502
438,2022,RI,31,1326,1485152,116970,77744,265500,2.269812,226274,39226,7299.16129,170.6440422
439,2022,SC,8256,1143766,765220905,153185771,103263474,169734715,1.108031,119812418,49922297,14512.16303,104.7525613
440,2022,SD,53856,18709416,8264753182,1143347321,800407681,1258585917,1.10079,915646277,342939640,17001.75054,48.94039862
441,2022,TN,10546,2806811,1553654373,144491742,99502957,147322943,1.019594,102334158,44988785,9703.599279,36.4592265
442,2022,TX,84256,52192172,8446122792,2156251319,1465534441,4634356777,2.149265,3943639899,690716878,46805.44886,75.55998817
443,2022,UT,1443,21758822,192581414,41044325,22227620,72349976,1.762727,53533271,18816705,37098.5939,2.460301895
444,2022,VA,7824,1226393,741823103,100925815,66986816,52707820,0.522243,18768821,33938999,2398.87794,15.3040836
445,2022,VT,293,86301,42629941,4345043,2824484,2050564,0.471931,530005,1520559,1808.890785,6.141354098
446,2022,WA,11671,5210935,3401656878,207918287,107179199,262742356,1.26368,162003268,100739088,13880.83866,31.08909783
447,2022,WI,32973,5393226,3934225808,403369344,269128638,73196688,0.181463,-61044018,134240706,-1851.333455,-11.31864639
448,2022,WV,301,52224,30234027,3700549,2412301,2194072,0.592904,905824,1288248,3009.38206,17.34497549
449,2022,WY,2045,14460147,285360279,44002551,24515488,56467659,1.283281,36980596,19487063,18083.42103,2.557414942
450,2023,AK,11,5162,782471,94026,68929,102300,1.087996,77203,25097,7018.454545,14.9560248
451,2023,AL,8435,1529167,865173378,111818517,75050850,91555916,0.81879,54788249,36767667,6495.346651,35.82881987
452,2023,AR,17588,5559504,3212428207,278668867,193246577,215128991,0.771987,129706701,85422290,7374.727144,23.33062464
453,2023,AZ,1953,40956293,771587412,148692522,80272675,195750055,1.316475,127330208,68419847,65197.23912,3.108929023
454,2023,CA,24186,17103515,11731062221,649633071,372459862,974989943,1.500831,697816734,277173209,28852.09353,40.79960955
455,2023,CO,15893,17354721,1870277945,345898488,208598596,357102011,1.032389,219802119,137299892,13830.12137,12.66526376
456,2023,CT,246,20051,51011499,9486939,5956551,19997553,2.107903,16467165,3530388,66939.69512,821.2640267
457,2023,DE,1489,315949,193720763,14915272,9175550,2792270,0.187208,-2947452,5739722,-1979.484218,-9.328885358
458,2023,FL,6558,3135547,1605718411,187530853,109366210,488028456,2.60239,409863813,78164643,62498.29414,130.715251
459,2023,GA,19263,2761948,2241009745,289215091,187785609,281234023,0.972404,179804541,101429482,9334.192026,65.10062499
460,2023,HI,125,17083,55879566,1345309,788814,5649771,4.199608,5093276,556495,40746.208,298.1488029
461,2023,IA,125316,22253201,20004988259,1165148867,622633584,1067869258,0.916508,525353975,542515283,4192.233833,23.60801824
462,2023,ID,6430,10255265,1768103718,147748707,78554853,151001749,1.022017,81807895,69193854,12722.84526,7.977160512
463,2023,IL,127306,20080480,17427558902,1078781895,634134673,419500593,0.388865,-25146629,444647222,-197.5290167,-1.252292226
464,2023,IN,50443,9799018,8092593619,598717254,351231716,89015189,0.148676,-158470349,247485538,-3141.572646,-16.17206428
465,2023,KS,116036,25057381,8274478560,1296573521,809542020,2190037721,1.689096,1703006220,487031501,14676.53332,67.96425452
466,2023,KY,16601,3605290,2480872998,242174652,159377791,100150001,0.413544,17353140,82796861,1045.306909,4.813243872
467,2023,LA,10387,2783716,2106844011,187608784,127951139,194078730,1.034486,134421085,59657645,12941.28093,48.28836167
468,2023,MA,495,24811,61983797,5791802,3633999,13984504,2.414534,11826701,2157803,23892.32525,476.6716779
469,2023,MD,4321,859471,515263073,46326079,30006318,19782503,0.427027,3462742,16319761,801.3751446,4.028922442
470,2023,ME,410,101050,148239645,14527044,9602220,19494116,1.341918,14569292,4924824,35534.85854,144.1790401
471,2023,MI,23332,4342347,3133567909,270168018,174561264,179391101,0.663998,83784347,95606754,3590.962926,19.29471482
472,2023,MN,76732,17948609,13077616656,954653311,582875407,912829788,0.956189,541051884,371777904,7051.189647,30.14450223
473,2023,MO,51658,10263219,5694245616,603394101,401366927,418055571,0.69284,216028397,202027174,4181.89626,21.04879541
474,2023,MS,7878,3586145,2003923420,187858454,137750115,138684383,0.738238,88576044,50108339,11243.46839,24.6995155
475,2023,MT,14375,18447216,1991886018,350931255,217023687,283371806,0.807485,149464238,133907568,10397.51221,8.102265296
476,2023,NC,26352,3450680,2420355882,365268193,238037163,205951245,0.563835,78720215,127231030,2987.257703,22.81295716
477,2023,ND,66010,25909070,9825194447,1491344483,1011115558,842959010,0.565234,362730085,480228925,5495.077791,14.00011984
478,2023,NE,82600,25161973,12596169564,940761032,552095160,1234357970,1.312084,845692098,388665872,10238.40312,33.60992789
479,2023,NH,78,8592,7242616,533357,343713,1961615,3.677864,1771971,189644,22717.57692,206.234986
480,2023,NJ,1160,162910,128401121,10599407,7165442,5165014,0.487292,1731049,3433965,1492.283621,10.62579952
481,2023,NM,3243,29398923,735227283,148666364,82493963,209721387,1.410684,143548986,66172401,44264.25717,4.882797441
482,2023,NV,754,40588583,524447217,141255080,75072974,48481854,0.343222,-17700252,66182106,-23475.13528,-0.436089429
483,2023,NY,4733,1164823,871827551,86920817,58282735,72952645,0.8393,44314563,28638082,9362.890978,38.04403158
484,2023,OH,47750,7322132,5236161050,392135455,243536158,54849076,0.139872,-93750221,148599297,-1963.355414,-12.80367808
485,2023,OK,19819,9297254,1601384974,383993251,253570183,591136321,1.539444,460713253,130423068,23246.03931,49.55369112
486,2023,OR,4386,18505775,1105967661,151941788,83146583,182763149,1.202849,113967944,68795205,25984.48336,6.158506953
487,2023,PA,8283,1224749,748350416,84307268,57437747,41274906,0.489577,14405385,26869521,1739.15067,11.76190795
488,2023,RI,33,1213,1689334,172819,111397,330543,1.912654,269121,61422,8155.181818,221.8639736
489,2023,SC,8570,1143823,775579217,148282086,98844088,111389384,0.751199,61951386,49437998,7228.866511,54.16168935
490,2023,SD,56635,20806885,8954408840,1158640288,791468927,718922911,0.620488,351751550,367171361,6210.851064,16.90553632
491,2023,TN,10854,2843263,1561573801,138440421,94868825,53979801,0.389913,10408205,43571596,958.928045,3.660655029
492,2023,TX,92196,57447143,8204754892,2053667016,1344372863,3073049843,1.496372,2363755690,709294153,25638.37574,41.14661873
493,2023,UT,1638,25111170,223732804,48714413,26313835,41205113,0.84585,18804535,22400578,11480.1801,0.748851408
494,2023,VA,8089,1237367,763402790,102102933,67791028,62451148,0.611648,28139243,34311905,3478.704784,22.74122633
495,2023,VT,303,90452,45802050,4392056,2887831,7535460,1.715702,6031235,1504225,19905.06601,66.67884624
496,2023,WA,11901,5941634,4064700828,277236042,146067558,558954712,2.016168,427786228,131168484,35945.4019,71.99807797
497,2023,WI,33165,5451328,4136391154,377488482,252225679,212500058,0.562931,87237255,125262803,2630.401176,16.00293635
498,2023,WV,322,51763,32565241,3835285,2534650,4830684,1.259537,3530049,1300635,10962.88509,68.19637579
499,2023,WY,2143,18953344,342543219,55677572,30731345,33441955,0.600636,8495728,24946227,3964.408773,0.448244278
500,2024,AK,13,5345,680305,50382,38494,0,0,-11888,11888,-914.4615385,-2.224134705
501,2024,AL,8297,1568767,803125188,103918387,69383510,162822741,1.566832,128287864,34534877,15461.95782,81.77623828
502,2024,AR,19589,5625803,3169794962,273840105,182091514,304010099,1.110173,212261508,91748591,10835.75006,37.72999303
503,2024,AZ,2016,40510964,801828407,144608114,77493072,183121802,1.266331,116006760,67115042,57543.03571,2.863589225
504,2024,CA,24857,17074228,11454461640,650443112,373187685,901175980,1.38548,623920553,277255427,25100.39639,36.54165524
505,2024,CO,15386,17675556,1582866273,274360244,164996703,243363446,0.887021,133999905,109363541,8709.209996,7.58108571
506,2024,CT,257,19516,48655733,9444853,6077856,4430872,0.46913,1063875,3366997,4139.59144,54.51296372
507,2024,DE,1408,308656,157423586,11837252,7282292,9388287,0.793113,4833327,4554960,3432.760653,15.65926792
508,2024,FL,6837,3451295,1691824149,205625607,118140706,351638276,1.710089,264153375,87484901,38635.86003,76.53746637
509,2024,GA,21089,2765036,2319757155,291525700,186321110,594019140,2.037621,488814550,105204590,23178.65001,176.784154
510,2024,HI,116,16551,55187411,1474972,864928,3694189,2.504582,3084145,610044,26587.4569,186.3419129
511,2024,IA,125346,22359631,16316708094,1020408336,536429977,541646332,0.530813,57667973,483978359,460.0703094,2.579111122
512,2024,ID,6251,10167027,1684027132,129352859,68797794,157155882,1.214939,96600817,60555065,15453.65813,9.501382951
513,2024,IL,124627,20130873,14500631749,902482906,522292198,303802058,0.336629,-76388650,380190708,-612.9382076,-3.794601953
514,2024,IN,48451,9773589,6649306370,489622024,285662491,215022539,0.43916,11063006,203959533,228.3339044,1.131928711
515,2024,KS,117355,25655693,6928825408,1067191285,664592311,908435267,0.851239,505836293,402598974,4310.308832,19.71633715
516,2024,KY,16304,3654286,2019173844,195370208,126503081,184983430,0.946835,116116303,68867127,7121.951852,31.77537363
517,2024,LA,10806,2989094,2014181060,183196503,121919119,300468312,1.640142,239190928,61277384,22135.01092,80.02121312
518,2024,MA,484,24883,56930654,5582460,3485332,3408348,0.610545,1311220,2097128,2709.132231,52.69541454
519,2024,MD,4187,842940,416541824,38308670,24834441,43560305,1.137087,30086076,13474229,7185.592548,35.69183572
520,2024,ME,460,100744,160768807,14500343,9456518,4137520,0.285339,-906305,5043825,-1970.228261,-8.996118876
521,2024,MI,22641,4366660,2740599572,238187971,151598920,148049161,0.621564,61460110,86589051,2714.549269,14.07485584
522,2024,MN,77437,18088363,10867723804,822239666,490775708,1117733683,1.359376,786269725,331463958,10153.66976,43.46826327
523,2024,MO,50929,10395766,4828403465,514882065,341112851,251630796,0.488715,77861582,173769214,1528.826052,7.489739765
524,2024,MS,8501,3694643,1947663750,165906300,119151868,206759585,1.246243,160005153,46754432,18821.9213,43.30733795
525,2024,MT,14409,20293758,1868914576,317432932,199000567,329429473,1.037792,210997108,118432365,14643.4248,10.3971432
526,2024,NC,25164,3393700,2248134073,336574582,218151706,490471234,1.457243,372048358,118422876,14784.94508,109.629124
527,2024,ND,63026,26452247,8258977955,1232444973,830028279,630738083,0.511777,228321389,402416694,3622.653968,8.631455354
528,2024,NE,81508,24748893,10368415054,806145986,469285188,494425910,0.61332,157565112,336860798,1933.124503,6.36655191
529,2024,NH,77,7920,6313740,491584,314619,710032,1.444375,533067,176965,6922.948052,67.30643939
530,2024,NJ,1149,158769,113201807,9280719,6307997,14533819,1.566022,11561097,2972722,10061.87728,72.81709276
531,2024,NM,3442,33943687,778626933,165616036,91201384,138980897,0.839175,64566245,74414652,18758.35125,1.902157683
532,2024,NV,605,36620662,456152308,120836540,64458264,139828674,1.157172,83450398,56378276,137934.5421,2.278779067
533,2024,NY,4730,1177715,776062792,76293731,50504666,54394106,0.712956,28605041,25789065,6047.577378,24.28859359
534,2024,OH,45083,7338813,4306757943,312610344,193259210,286437312,0.916275,167086178,119351134,3706.190316,22.76746635
535,2024,OK,19376,8638339,1352936748,302647618,202714516,319151810,1.054532,219218708,99933102,11313.93002,25.37741434
536,2024,OR,4539,19675419,1099944771,150606042,81384067,158632938,1.053297,89410963,69221975,19698.38356,4.544297786
537,2024,PA,8268,1249779,649066237,75585426,50996475,78558416,1.039332,53969465,24588951,6527.51149,43.18320679
538,2024,RI,37,1163,1562978,165443,106312,136093,0.822597,76962,59131,2080.054054,66.17540843
539,2024,SC,8458,1118706,690575938,129730846,86137966,184032220,1.418569,140439340,43592880,16604.32017,125.5373083
540,2024,SD,55423,20936871,7271418667,949904144,644769349,584395331,0.615215,279260536,305134795,5038.712015,13.33821735
541,2024,TN,10552,2929426,1325989086,111327022,74525663,192874357,1.732502,156072998,36801359,14790.84515,53.27767214
542,2024,TX,88705,55777748,7201423737,1798799055,1202705638,2403604428,1.336227,1807511011,596093417,20376.65307,32.40559319
543,2024,UT,1583,24276046,215346328,47166004,25350783,48418795,1.026561,26603574,21815221,16805.79533,1.095877558
544,2024,VA,7781,1254551,675567122,90226903,59500820,110450167,1.224137,79724084,30726083,10245.9946,63.547902
545,2024,VT,286,94416,40369368,3825773,2500135,3329469,0.870273,2003831,1325638,7006.402098,21.22342611
546,2024,WA,12227,7033157,4221275691,271366471,145721248,447588601,1.649388,321943378,125645223,26330.52899,45.77508763
547,2024,WI,32907,5461415,3419040100,319670289,209830665,264050924,0.82601,154211300,109839624,4686.276476,28.23651014
548,2024,WV,323,54019,28992002,3682241,2397566,10730234,2.914049,9445559,1284675,29243.21672,174.8562358
549,2024,WY,2150,19449099,340391511,54877342,30054909,66244373,1.207135,41421940,24822433,19266.0186,2.129761384
