,year,state,policies_prem,acres_insured,liabilities,premium,subsidy,indemnity,loss_ratio,net_benefit,farmer_premium,benefit_by_pol,benefit_by_acre
0,2014,AK,16,6542,576583,86255,73307,31944,0.370343,18996,12948,1187.25,2.903699175
1,2014,AL,7164,1422937,482573970,67195206,44099887,37745638,0.561731,14650319,23095319,2044.991485,10.29583109
2,2014,AR,17308,5247504,1613298100,126550753,91666855,103788858,0.820136,68904960,34883898,3981.104691,13.13099714
3,2014,AZ,866,589568,253540262,16135962,10496544,18102586,1.121878,12463168,5639418,14391.64896,21.13949197
4,2014,CA,24433,6705373,7302481482,370354002,230346045,426851087,1.152548,286843130,140007957,11739.98813,42.77810198
5,2014,CO,16164,7411673,1220161708,192670594,115286057,166904164,0.866266,89519627,77384537,5538.210035,12.07819436
6,2014,CT,250,23279,28378428,4889040,3017470,2837635,0.580407,966065,1871570,3864.26,41.49942008
7,2014,DE,1699,360797,126197257,11149702,6650270,1220074,0.109426,-3279358,4499432,-1930.169511,-9.089205287
8,2014,FL,5934,2271200,1074070921,72889670,45816356,33188492,0.455325,6115178,27073314,1030.532187,2.692487672
9,2014,GA,15098,2866714,1370174575,151312332,93485426,142240916,0.940048,84414010,57826906,5591.072327,29.44626147
10,2014,HI,106,28983,87924435,1514103,943419,1745810,1.153032,1175126,570684,11086.09434,40.54535417
11,2014,IA,128988,22205693,13289124613,738475557,384986650,1409963637,1.909289,1056474730,353488907,8190.488495,47.57675115
12,2014,ID,6340,2274403,1009263755,67017615,39285923,62310274,0.929759,34578582,27731692,5454.035016,15.20336633
13,2014,IL,124099,19142022,10874611152,679129826,374154758,268735346,0.395705,-36239722,304975068,-292.0226754,-1.8932024
14,2014,IN,47764,9310392,5164987964,376920382,206199443,145478593,0.385966,-25242346,170720939,-528.4805711,-2.711201204
15,2014,KS,120999,18793297,4815645659,669049990,403863815,615168493,0.919465,349982318,265186175,2892.439756,18.62272054
16,2014,KY,18201,3359765,1617929870,149592369,93964267,142279728,0.951116,86651626,55628102,4760.816768,25.79097824
17,2014,LA,8036,2877486,1009145316,81814494,59504111,30366357,0.371161,8055974,22310383,1002.485565,2.799657062
18,2014,MA,491,26439,39036432,3106140,2069324,2692520,0.866837,1655704,1036816,3372.105906,62.62354855
19,2014,MD,4927,931440,326434797,33403117,21000059,7022585,0.210237,-5380473,12403058,-1092.03836,-5.776510564
20,2014,ME,509,125078,86392241,10247802,7159121,2916165,0.284564,-172516,3088681,-338.9312377,-1.379267337
21,2014,MI,23206,4339598,1958587253,178215568,116492161,117138696,0.657286,55415289,61723407,2387.972464,12.76968258
22,2014,MN,82176,17696645,8750340468,656315740,391813147,1395321449,2.125991,1130818856,264502593,13760.93818,63.90018311
23,2014,MO,55017,9235136,3384635254,379982057,243669258,103931032,0.273515,-32381767,136312799,-588.5774761,-3.506366013
24,2014,MS,8187,3723590,1211031139,119279736,85146926,66092775,0.554098,31959965,34132810,3903.745572,8.583105283
25,2014,MT,15619,10421191,1134359829,161214734,98822555,79541116,0.493386,17148937,62392179,1097.953582,1.645583216
26,2014,NC,19796,3733465,1808584827,181498957,115917229,106146493,0.584832,40564765,65581728,2049.139473,10.86517886
27,2014,ND,59576,23430609,5541387552,913613890,598606431,581294755,0.636258,266287296,315007459,4469.707533,11.36493277
28,2014,NE,89747,17643942,7844344945,576903839,318854400,508974912,0.882252,250925473,258049439,2795.920454,14.22162196
29,2014,NH,81,9625,5885102,598104,402571,251619,0.420694,56086,195533,692.4197531,5.827116883
30,2014,NJ,1143,172956,76351851,7094311,5313470,2543313,0.3585,762472,1780841,667.079615,4.408473831
31,2014,NM,1703,3169025,205798844,28959004,18948465,32830053,1.133673,22819514,10010539,13399.59718,7.200799615
32,2014,NV,155,1104279,58879888,7911506,4659826,18246353,2.306305,14994673,3251680,96739.82581,13.57869977
33,2014,NY,4709,1084524,543730067,44797947,30349563,40817287,0.911141,26368903,14448384,5599.682098,24.31380311
34,2014,OH,45496,7013488,3483036734,268789097,159655659,135485452,0.504058,26352014,109133438,579.216063,3.757333584
35,2014,OK,21221,6913354,950075544,199564730,126509303,380101794,1.904654,307046367,73055427,14468.98671,44.41351723
36,2014,OR,3272,913229,396875414,30786841,17484212,35814561,1.163307,22511932,13302629,6880.174817,24.65091669
37,2014,PA,9452,1210092,505913862,63240181,43203539,25618625,0.4051,5581983,20036642,590.5610453,4.612858361
38,2014,RI,29,1586,1237009,94045,71847,59359,0.631176,37161,22198,1281.413793,23.43064313
39,2014,SC,5928,1254106,457491037,66286388,44193014,42138824,0.635708,20045450,22093374,3381.486167,15.98385623
40,2014,SD,55356,15956788,4855623127,717124231,491543220,180045367,0.251065,-45535644,225581011,-822.5963581,-2.853684839
41,2014,TN,11942,2716834,945568602,102392655,68419853,48552934,0.474183,14580132,33972802,1220.912075,5.366589199
42,2014,TX,76812,44242665,4569181277,973378440,636727085,1082667122,1.112277,746015767,336651355,9712.22943,16.86190845
43,2014,UT,554,182436,38057968,4033589,2883409,2826465,0.700732,1676285,1150180,3025.785199,9.188345502
44,2014,VA,7174,1329427,528340983,63736890,41357071,26797012,0.420431,4417193,22379819,615.72247,3.322629223
45,2014,VT,423,76878,31859211,3387502,2270802,1925955,0.568547,809255,1116700,1913.132388,10.52648352
46,2014,WA,11882,2843031,2107667699,119648316,71637915,125527680,1.049138,77517279,48010401,6523.925181,27.26571712
47,2014,WI,36149,5417374,2615320659,253622483,161053873,283743452,1.118763,191174842,92568610,5288.523666,35.28920876
48,2014,WV,367,51647,20284223,2391597,1593866,1253785,0.524245,456054,797731,1242.653951,8.830212791
49,2014,WY,2437,2059515,128717718,18073728,10757734,12753082,0.705614,5437088,7315994,2231.057858,2.639984657
50,2015,AK,18,6934,692957,79810,68009,64402,0.806941,52601,11801,2922.277778,7.585953274
51,2015,AL,7346,1388546,447292587,67285768,45910691,37906465,0.563365,16531388,21375077,2250.393139,11.9055386
52,2015,AR,18683,5208748,1496848513,113217124,79148151,154800983,1.367293,120732010,34068973,6462.131885,23.17870052
53,2015,AZ,964,949099,221976840,14598428,9642708,14114021,0.966817,9158301,4955720,9500.312241,9.649468601
54,2015,CA,23464,6705812,8319084962,390183267,238463876,607105450,1.555949,455386059,151719391,19407.86136,67.90915985
55,2015,CO,15976,7142348,1076765080,171312760,102711854,105523473,0.615969,36922567,68600906,2311.127128,5.169527864
56,2015,CT,215,19776,26234417,4974279,3030447,2310603,0.46451,366771,1943832,1705.911628,18.5462682
57,2015,DE,1604,313439,113018155,9921294,6066815,2347804,0.236642,-1506675,3854479,-939.3235661,-4.806916178
58,2015,FL,5661,2439818,1037669201,63937851,40165736,42389973,0.662987,18617858,23772115,3288.793146,7.630838858
59,2015,GA,15788,2526485,1243466449,152400251,98126426,99645769,0.653842,45371944,54273825,2873.824677,17.95852499
60,2015,HI,114,29170,87965719,1606709,971514,626491,0.389921,-8704,635195,-76.35087719,-0.298388756
61,2015,IA,127051,22135693,11816755066,722748857,378813631,146910934,0.203266,-197024292,343935226,-1550.749636,-8.900751018
62,2015,ID,6049,2228579,963235743,55968581,31209215,60991652,1.089748,36232286,24759366,5989.797653,16.25802182
63,2015,IL,123237,19130820,9869924700,693652392,388797626,474637171,0.684257,169782405,304854766,1377.690182,8.874810646
64,2015,IN,46557,9295355,4666881332,369791602,205677532,458213834,1.239113,294099764,164114070,6316.982709,31.63943324
65,2015,KS,122831,19122568,4417272099,649573731,397151908,352117881,0.542075,99696058,252421823,811.6522539,5.213528748
66,2015,KY,17029,3313378,1447270040,145272294,92187827,99919430,0.687807,46834963,53084467,2750.306125,14.13511015
67,2015,LA,7924,2864045,892716289,73388028,52955069,84232745,1.147772,63799786,20432959,8051.46214,22.27611158
68,2015,MA,446,25188,33744901,2608512,1697865,1841786,0.706067,931139,910647,2087.755605,36.96756392
69,2015,MD,4639,878498,293048845,31348985,19858330,8278023,0.26406,-3212632,11490655,-692.5268377,-3.656959948
70,2015,ME,491,122766,81837010,9642645,6400556,9051364,0.93868,5809275,3242089,11831.51731,47.31990128
71,2015,MI,22593,4197584,1787296246,169930960,109879440,78635960,0.462752,18584440,60051520,822.5751339,4.427413484
72,2015,MN,81997,17721606,7957526087,629910690,378109552,91092247,0.144611,-160708891,251801138,-1959.936229,-9.068528609
73,2015,MO,54250,9252768,2967671922,387672153,248748833,525478211,1.35547,386554891,138923320,7125.435779,41.7772164
74,2015,MS,8247,3633028,1145840407,116240090,83079659,120319695,1.035096,87159264,33160431,10568.6024,23.99080436
75,2015,MT,15076,10041583,1082190329,151391286,92320949,121188106,0.800495,62117769,59070337,4120.308371,6.186053434
76,2015,NC,18718,3543065,1522929765,163600435,106303442,247852690,1.514987,190555697,57296993,10180.34496,53.78272682
77,2015,ND,58659,23099185,5129590340,856016073,572898268,315925914,0.369065,32808109,283117805,559.3022213,1.42031457
78,2015,NE,88328,16864743,7158092702,557918475,314403164,186922392,0.335035,-56592919,243515311,-640.7132393,-3.355694125
79,2015,NH,78,9575,5588693,607145,410665,55332,0.091134,-141148,196480,-1809.589744,-14.74130548
80,2015,NJ,1062,157790,68062160,5888604,4280799,4567144,0.77559,2959339,1607805,2786.571563,18.7549211
81,2015,NM,1670,2720721,182328562,24002111,15731372,11404063,0.475127,3133324,8270739,1876.241916,1.15165208
82,2015,NV,206,1834379,66135181,10529165,5731093,29795436,2.8298,24997364,4798072,121346.4272,13.62715339
83,2015,NY,4655,1063281,534036529,46073824,30597977,49994804,1.085102,34518957,15475847,7415.458002,32.46456675
84,2015,OH,44112,7005331,3131856391,254929945,153212272,194276070,0.762076,92558397,101717673,2098.258909,13.21256583
85,2015,OK,23943,7290949,890077183,199841773,128710577,141371700,0.707418,70240504,71131196,2933.655098,9.633931605
86,2015,OR,3227,1009320,386730310,27966076,15271805,52384714,1.873152,39690443,12694271,12299.48652,39.32394384
87,2015,PA,9194,1189065,469445226,62440792,42683468,29096252,0.465981,9338928,19757324,1015.763324,7.854009663
88,2015,RI,28,1342,1210338,76974,56267,62868,0.816743,42161,20707,1505.75,31.41654247
89,2015,SC,5724,1188212,398812306,65143585,43646060,147700137,2.267301,126202612,21497525,22047.97554,106.2122012
90,2015,SD,54152,16140142,4439860068,694825507,484411008,187961980,0.270516,-22452519,210414499,-414.6203095,-1.391097984
91,2015,TN,11600,2706733,841781781,93656862,62545325,47702130,0.509328,16590593,31111537,1430.223534,6.129379218
92,2015,TX,85790,44416830,4063506641,920143994,621235297,572838910,0.622553,273930213,298908697,3193.031973,6.167261666
93,2015,UT,516,489027,35375472,3436699,2253782,3119938,0.907829,1937021,1182917,3753.916667,3.960969435
94,2015,VA,6960,1260815,473877435,63704449,41954582,37096896,0.582328,15347029,21749867,2205.032902,12.17230839
95,2015,VT,407,77178,31848545,3588107,2377743,3355884,0.935279,2145520,1210364,5271.547912,27.79963202
96,2015,WA,11826,2909984,2186051148,109116718,61066494,188617398,1.728583,140567174,48050224,11886.28226,48.30513639
97,2015,WI,34920,5290216,2367622279,243995054,156702556,56298506,0.230736,-30993992,87292498,-887.5713631,-5.858738471
98,2015,WV,344,49906,18587667,2332800,1520187,1142432,0.489725,329819,812613,958.7761628,6.608804553
99,2015,WY,2299,1893987,119748699,15927808,9349104,7406432,0.465,827728,6578704,360.0382775,0.437029399
100,2016,AK,15,6668,657170,71657,59802,11382,0.15884,-473,11855,-31.53333333,-0.070935813
101,2016,AL,7124,1339597,440774568,64442379,43958532,41934232,0.650724,21450385,20483847,3011.002948,16.01256572
102,2016,AR,16860,5183364,1550386783,121793102,85069816,138184248,1.134581,101460962,36723286,6017.850652,19.57434631
103,2016,AZ,828,1145202,244636664,18333823,11533785,18689287,1.019388,11889249,6800038,14358.99638,10.38179203
104,2016,CA,23001,6182459,9427422672,451247627,272598027,309936106,0.686842,131286506,178649600,5707.860789,21.23532174
105,2016,CO,15251,6273046,1036905926,160866568,97245377,72956110,0.453519,9334919,63621191,612.0856993,1.48809988
106,2016,CT,202,18560,20933517,4707586,2895305,2563964,0.544645,751683,1812281,3721.20297,40.50016164
107,2016,DE,1518,292974,101389059,8855085,5370247,3304179,0.373139,-180659,3484838,-119.0111989,-0.616638337
108,2016,FL,5144,1664019,984636759,62520293,38530316,47773618,0.764129,23783641,23989977,4623.569401,14.29289029
109,2016,GA,15159,2436151,1255061906,147550895,94251792,152476914,1.033385,99177811,53299103,6542.503529,40.71086357
110,2016,HI,123,28903,86698744,1229091,742688,1068355,0.869223,581952,486403,4731.317073,20.1346573
111,2016,IA,123286,21864382,10958040068,596682101,316526583,54281170,0.090971,-225874348,280155518,-1832.116769,-10.33069894
112,2016,ID,5603,2043757,889155815,54194422,29741848,14384419,0.265422,-10068155,24452574,-1796.922185,-4.9262975
113,2016,IL,120637,19023048,9309364070,625697380,353610995,92077519,0.147159,-180008866,272086385,-1492.153038,-9.462672123
114,2016,IN,46269,9363150,4428344160,339693579,189087869,78142460,0.230038,-72463250,150605710,-1566.12959,-7.739195677
115,2016,KS,119155,18775918,4115969621,602449715,371247318,77649920,0.12889,-153552477,231202397,-1288.678419,-8.178160823
116,2016,KY,16557,3308037,1371841149,142159334,90731985,122905989,0.864565,71478640,51427349,4317.125083,21.60756969
117,2016,LA,8195,3001057,947339083,75189101,52805156,99412803,1.32217,77028858,22383945,9399.49457,25.66724257
118,2016,MA,438,25200,40864651,3066382,1907056,3578489,1.167006,2419163,1159326,5523.203196,95.99853175
119,2016,MD,4422,850277,270143375,29160672,18427253,10615025,0.364018,-118394,10733419,-26.77385798,-0.139241682
120,2016,ME,482,109650,74972575,10022409,6648196,4293330,0.428373,919117,3374213,1906.881743,8.382279982
121,2016,MI,21701,4122693,1683473585,160169470,105271963,46164979,0.288225,-8732528,54897507,-402.4021013,-2.118161115
122,2016,MN,79048,17606168,7535604698,558995390,341256266,118422108,0.211848,-99317016,217739124,-1256.414027,-5.641035346
123,2016,MO,52644,9170143,2955074080,356529569,232207682,79673581,0.223469,-44648306,124321887,-848.1176582,-4.868877835
124,2016,MS,8246,3651005,1175250619,120834325,84853528,108161430,0.895121,72180633,35980797,8753.411715,19.77007235
125,2016,MT,14354,9431540,999575717,149132070,90808767,74336518,0.49846,16013215,58323303,1115.592518,1.697836727
126,2016,NC,18924,3647261,1479528359,171458531,110075306,269334227,1.570841,207951002,61383225,10988.74456,57.01566244
127,2016,ND,56732,23218072,4969914982,849746216,578961258,291460905,0.342997,20675947,270784958,364.4494641,0.890510935
128,2016,NE,84937,16421644,6749444700,507213314,290393532,117963237,0.232571,-98856545,216819782,-1163.880818,-6.019893319
129,2016,NH,73,8645,4631945,524475,352531,1110424,2.11721,938480,171944,12855.89041,108.5575477
130,2016,NJ,1013,153558,67058556,5790555,4217409,4281264,0.739352,2708118,1573146,2673.364265,17.63579885
131,2016,NM,1660,4812193,220987975,30031956,18541579,25125203,0.836615,13634826,11490377,8213.750602,2.833391346
132,2016,NV,244,3940378,62843226,9968283,5543809,14251584,1.429692,9827110,4424474,40275.04098,2.493951088
133,2016,NY,4514,1063464,526072670,47698023,31567900,65357447,1.370233,49227324,16130123,10905.47718,46.28960078
134,2016,OH,43734,7001948,2920408931,237348294,141992379,80596282,0.339569,-14759633,95355915,-337.4864636,-2.107932393
135,2016,OK,21048,6338358,763491851,175692781,115492775,55112658,0.313687,-5087348,60200006,-241.7022045,-0.802628693
136,2016,OR,3135,1255552,394392131,31038938,17024215,26638413,0.858225,12623690,14014723,4026.695375,10.05429484
137,2016,PA,8828,1181211,443608610,59388366,40261295,58262900,0.981049,39135829,19127071,4433.147825,33.13195441
138,2016,RI,30,1141,1202089,79984,57908,226952,2.837467,204876,22076,6829.2,179.5582822
139,2016,SC,5985,1260756,401104828,68586361,45197506,73632964,1.07358,50244109,23388855,8395.005681,39.85236556
140,2016,SD,52069,16425737,4198856378,673444073,473959454,164003976,0.24353,-35480643,199484619,-681.4158712,-2.16006399
141,2016,TN,11146,2652807,811216926,93440189,62296737,49666066,0.531527,18522614,31143452,1661.817154,6.982269724
142,2016,TX,76073,37758928,4152144572,882383503,597635606,497753211,0.5641,213005314,284747897,2800.012015,5.641190714
143,2016,UT,478,665401,38798672,4224941,2706541,2126201,0.503249,607801,1518400,1271.550209,0.913435658
144,2016,VA,6668,1226337,447233019,61831433,40527211,52049838,0.841802,30745616,21304222,4610.920216,25.07109873
145,2016,VT,378,73403,26797673,3195788,2112141,880890,0.27564,-202757,1083647,-536.3941799,-2.76224405
146,2016,WA,11639,2931274,2136785365,116907437,64267188,48699507,0.416564,-3940742,52640249,-338.5808059,-1.344378588
147,2016,WI,33351,5230787,2246262554,217498539,140914954,31015547,0.142601,-45568038,76583585,-1366.316992,-8.711507083
148,2016,WV,342,49588,17637953,2177883,1419396,1125890,0.516965,367403,758487,1074.277778,7.409111075
149,2016,WY,2148,2048596,130139971,17344790,9986890,16511002,0.951928,9153102,7357900,4261.22067,4.467987832
150,2017,AK,14,6448,634843,72292,57062,13953,0.193008,-1277,15230,-91.21428571,-0.198045906
151,2017,AL,6782,1398448,506145197,71715232,48656323,38661907,0.539103,15602998,23058909,2300.648481,11.15736731
152,2017,AR,15811,5278722,1570085219,132754641,92821448,153817035,1.158656,113883842,39933193,7202.823477,21.57413139
153,2017,AZ,1055,15606243,511391184,97609450,54384878,106389663,1.089952,63165091,43224572,59872.12417,4.047424547
154,2017,CA,22220,6488119,7763732780,377519277,231388094,291233705,0.77144,145102522,146131183,6530.266517,22.3643435
155,2017,CO,14946,6852574,1044422099,172214461,102604705,108036285,0.627335,38426529,69609756,2571.024287,5.607605113
156,2017,CT,210,17962,23607555,5239932,3256354,2433064,0.464331,449486,1983578,2140.409524,25.02427347
157,2017,DE,1399,316688,108747402,9696002,5878928,934616,0.096391,-2882458,3817074,-2060.370264,-9.101885768
158,2017,FL,4741,1863991,1003434389,71251610,42280067,86956530,1.220414,57984987,28971543,12230.53934,31.10797584
159,2017,GA,14637,2722487,1445311815,163476208,104999414,177952333,1.088551,119475539,58476794,8162.57013,43.88470505
160,2017,HI,115,28544,88082754,966567,594444,987686,1.021849,615563,372123,5352.721739,21.56540779
161,2017,IA,121898,21871916,11787461819,695245421,372086965,164859758,0.237124,-158298698,323158456,-1298.61604,-7.237532277
162,2017,ID,5413,2072319,835771188,51233585,28151108,43514473,0.849334,20431996,23082477,3774.615925,9.859483989
163,2017,IL,118680,19288056,10130553664,695521666,393660787,178394303,0.256489,-123466576,301860879,-1040.331783,-6.40119336
164,2017,IN,45001,9518345,4792554152,380498762,212162276,118859770,0.312378,-49476716,168336486,-1099.458145,-5.198037684
165,2017,KS,115165,19254629,4368157132,619270475,385241806,284173303,0.458883,50144634,234028669,435.415569,2.604289805
166,2017,KY,16320,3377406,1506087179,155684948,99547809,92588878,0.594719,36451739,56137139,2233.562439,10.79282118
167,2017,LA,7373,2780852,977876171,83306736,59442469,52903305,0.635042,29039038,23864267,3938.564763,10.44249676
168,2017,MA,428,25732,39705892,3151695,2042981,2465932,0.782414,1357218,1108714,3171.070093,52.74436499
169,2017,MD,4238,851832,293398812,31923637,20093142,4682111,0.146665,-7148384,11830495,-1686.735252,-8.391776782
170,2017,ME,461,109370,78339172,10665440,7090531,2990882,0.280427,-584027,3574909,-1266.869848,-5.339919539
171,2017,MI,20568,4201018,1790595651,175560095,116518018,94184651,0.53648,35142574,59042077,1708.604337,8.365251946
172,2017,MN,77349,17647599,8118022380,631682215,387068438,141917222,0.224665,-102696555,244613777,-1327.70372,-5.819293321
173,2017,MO,51387,9559706,3286357693,383883351,250811478,117883547,0.307081,-15188326,133071873,-295.5674782,-1.588785889
174,2017,MS,7185,3578570,1227451332,127007146,91966789,79947057,0.629468,44906700,35040357,6250.06263,12.54878345
175,2017,MT,14135,9033361,1018778804,154353953,94832881,239218375,1.549804,179697303,59521072,12712.93265,19.89262944
176,2017,NC,17574,3382592,1555770653,185495131,119687707,142933769,0.770552,77126345,65807424,4388.661944,22.80096003
177,2017,ND,54965,23224969,5528578374,924906066,634736379,567996344,0.614112,277826657,290169687,5054.610334,11.96241239
178,2017,NE,83543,18033094,7256776293,549236563,317680166,165615398,0.301537,-65940999,231556397,-789.3060939,-3.65666585
179,2017,NH,68,7488,4048159,440371,293835,341867,0.776315,195331,146536,2872.514706,26.08587073
180,2017,NJ,974,154809,70711614,6258739,4508914,1239348,0.198018,-510477,1749825,-524.1036961,-3.297463326
181,2017,NM,1762,7659171,277155545,43736990,25979886,39114303,0.894307,21357199,17757104,12120.9983,2.788447862
182,2017,NV,233,4554715,59039995,9023910,5001969,3026680,0.335406,-995261,4021941,-4271.506438,-0.218512245
183,2017,NY,4449,1081357,537598106,52575871,34403595,73188760,1.392059,55016484,18172276,12366.03372,50.87726255
184,2017,OH,42314,7033349,3195439691,267415210,161281648,92498914,0.345899,-13634648,106133562,-322.2254573,-1.938571227
185,2017,OK,19881,6324994,791831598,175456802,115938197,86798898,0.494702,27280293,59518605,1372.179116,4.313093894
186,2017,OR,3003,1496749,386219748,31270379,17319444,20659203,0.660663,6708268,13950935,2233.855478,4.481892422
187,2017,PA,8486,1183592,468051436,58726714,39685596,22985507,0.391397,3944389,19041118,464.8113363,3.33255801
188,2017,RI,28,1097,1143583,87575,61604,182642,2.085549,156671,25971,5595.392857,142.8176846
189,2017,SC,5370,1144391,436094442,74658712,50095917,55891134,0.748621,31328339,24562795,5833.955121,27.37555521
190,2017,SD,50814,17437787,4671487060,663415812,469972383,352044329,0.530654,158600900,193443429,3121.204786,9.095242418
191,2017,TN,11258,2783307,914019852,104920875,70869382,44275429,0.421988,10223936,34051493,908.1485166,3.673305173
192,2017,TX,70940,39359884,4616778653,963075890,654647231,751094769,0.779891,442666110,308428659,6240.007189,11.24663147
193,2017,UT,430,803813,34498008,4156137,2616498,8546981,2.056472,7007342,1539639,16296.14419,8.71762711
194,2017,VA,6546,1204338,484148866,66303054,43775749,33124812,0.499597,10597507,22527305,1618.928659,8.799445837
195,2017,VT,344,70882,24520816,2961949,1942404,4567001,1.54189,3547456,1019545,10312.37209,50.04734629
196,2017,WA,11552,3221892,2310262778,125635271,69982506,71748152,0.571082,16095387,55652765,1393.298736,4.99563207
197,2017,WI,31756,5283819,2350671959,229023424,149865357,101647670,0.44383,22489603,79158067,708.2001197,4.256315934
198,2017,WV,343,51346,19418014,2132479,1418060,515142,0.241569,-199277,714419,-580.9825073,-3.881061816
199,2017,WY,2072,2470837,128124072,17029229,9784090,10401686,0.610813,3156547,7245139,1523.430019,1.277521342
200,2018,AK,16,6759,793124,79666,64136,96707,1.213905,81177,15530,5073.5625,12.01020861
201,2018,AL,6351,1353384,511699243,67069861,45412414,49990124,0.745344,28332677,21657447,4461.136356,20.93469185
202,2018,AR,16116,5313517,1768265745,131853344,92140702,122854158,0.931748,83141516,39712642,5158.942417,15.6471723
203,2018,AZ,1198,24358814,628708078,129457110,71202090,155840165,1.203797,97585145,58255020,81456.71536,4.006153378
204,2018,CA,22169,6669486,7771582477,377087146,229636318,294345164,0.780575,146894336,147450828,6626.114665,22.0248361
205,2018,CO,14505,7104953,1058428383,163864114,98862784,143906145,0.878204,78904815,65001330,5439.835574,11.10560689
206,2018,CT,213,18364,28059715,6516095,4094220,2085475,0.320049,-336400,2421875,-1579.342723,-18.31844914
207,2018,DE,1412,319927,108266789,8881765,5408817,7659191,0.86235,4186243,3472948,2964.761331,13.08499439
208,2018,FL,4567,2163806,933953142,72973722,42477555,203826828,2.793153,173330661,30496167,37952.84892,80.10452924
209,2018,GA,14196,2699967,1463098980,171023753,109777631,378121910,2.210932,316875788,61246122,22321.48408,117.3628374
210,2018,HI,115,28461,93281448,1045166,638482,1234918,1.181552,828234,406684,7202.034783,29.10066407
211,2018,IA,119874,21813914,11947363198,625280785,336063811,326905407,0.522813,37688433,289216974,314.4003954,1.72772447
212,2018,ID,5242,2599453,903667942,56372436,30959209,24780852,0.439591,-632375,25413227,-120.6362076,-0.243272335
213,2018,IL,118391,19390470,10563561797,646217972,368747684,104630432,0.161911,-172839856,277470288,-1459.907054,-8.913649643
214,2018,IN,45106,9538681,5025094276,352339689,198653049,77907290,0.221114,-75779350,153686640,-1680.028156,-7.944426488
215,2018,KS,112983,19292383,4561493642,605093262,377248819,341118767,0.563745,113274324,227844443,1002.578476,5.871453205
216,2018,KY,16088,3472093,1524207772,144211796,92842500,111811088,0.775325,60441792,51369296,3756.948782,17.40788395
217,2018,LA,7211,2863471,1093701492,79424795,56582383,83783382,1.054876,60940970,22842412,8451.11219,21.28220261
218,2018,MA,439,26102,38629402,3587040,2314357,1481059,0.412891,208376,1272683,474.6605923,7.983143054
219,2018,MD,4074,851826,295526508,28666132,18219154,20356480,0.710123,9909502,10446978,2432.376534,11.6332467
220,2018,ME,440,109013,78778974,10772895,7158197,5388878,0.500225,1774180,3614698,4032.227273,16.27493969
221,2018,MI,20236,4121763,1822075401,155994020,102983499,88478696,0.567192,35468175,53010521,1752.726576,8.60509811
222,2018,MN,76242,17574088,8276280847,574922604,354254863,365129668,0.635093,144461927,220667741,1894.781446,8.220166361
223,2018,MO,51386,9740251,3490292769,383120155,251019510,265285910,0.692435,133185265,132100645,2591.858969,13.67369948
224,2018,MS,7487,3744505,1321027889,124596227,89516885,84839539,0.680915,49760197,35079342,6646.213036,13.28885847
225,2018,MT,13604,10174674,1126156055,171100809,104880103,113046298,0.660699,46825592,66220706,3442.045869,4.602171234
226,2018,NC,17283,3414710,1606543743,185529173,119258125,356084237,1.919289,289813189,66271048,16768.68536,84.87197712
227,2018,ND,53109,23581332,5867282699,874422325,599393597,328547474,0.37573,53518746,275028728,1007.71519,2.269538718
228,2018,NE,81015,17962067,7392700147,518605909,303084928,172186931,0.332018,-43334050,215520981,-534.889218,-2.412531364
229,2018,NH,69,8484,4707963,497331,325928,295856,0.594887,124453,171403,1803.666667,14.66914191
230,2018,NJ,985,153659,78930760,5862862,4222039,9732060,1.65995,8091237,1640823,8214.453807,52.65709786
231,2018,NM,1795,8617891,319792025,50897382,30232846,61037607,1.199228,40373071,20664536,22491.96156,4.684797127
232,2018,NV,234,8017549,128335003,26541141,14629313,32185816,1.212676,20273988,11911828,86640.97436,2.528701477
233,2018,NY,4376,1086774,589410016,55231857,36324373,25736315,0.465968,6828831,18907484,1560.518967,6.283579659
234,2018,OH,41701,7029893,3243320976,238444472,145325246,56549019,0.237158,-36570207,93119226,-876.962351,-5.202100089
235,2018,OK,18713,6330313,873687305,185064012,123285427,201671453,1.089738,139892868,61778585,7475.705018,22.09888642
236,2018,OR,3020,3037661,441890934,37111887,20943497,29723545,0.800917,13555155,16168390,4488.461921,4.462365945
237,2018,PA,8148,1162776,472625758,55722587,37659187,42851261,0.76901,24787861,18063400,3042.20189,21.31782992
238,2018,RI,30,1290,1219662,102938,69117,128459,1.247925,94638,33821,3154.6,73.3627907
239,2018,SC,5163,1140974,452963282,77855592,51910811,97475303,1.252001,71530522,25944781,13854.44935,62.69250833
240,2018,SD,50315,18265605,4718967844,592050402,417865017,271427144,0.458452,97241759,174185385,1932.659426,5.323763379
241,2018,TN,10641,2831494,957525764,89760563,61047947,51393660,0.572563,22681044,28712616,2131.476741,8.010274435
242,2018,TX,70713,38034812,5162895142,1145035596,781329112,1641892480,1.433922,1278185996,363706484,18075.68617,33.60568723
243,2018,UT,581,5282086,72603905,13487216,7531648,17402792,1.290317,11447224,5955568,19702.62306,2.167178649
244,2018,VA,6503,1224494,504010433,64353739,42708940,45677917,0.709794,24033118,21644799,3695.697063,19.62697898
245,2018,VT,310,70982,25148497,2872955,1899573,1305880,0.454542,332498,973382,1072.574194,4.684257981
246,2018,WA,11419,3274397,2470160356,132345782,73610233,51693705,0.390595,-7041844,58735549,-616.6778177,-2.150577343
247,2018,WI,31026,5236412,2373669295,209481935,138224169,112136653,0.535304,40878887,71257766,1317.568717,7.806659789
248,2018,WV,317,51276,19621592,2129886,1397850,1766815,0.829535,1034779,732036,3264.287066,20.18057181
249,2018,WY,1970,4002142,144779553,19879866,11194070,12507609,0.629159,3821813,8685796,1940.006599,0.954941879
250,2019,AK,12,5782,889037,97232,75798,14310,0.147173,-7124,21434,-593.6666667,-1.23209962
251,2019,AL,6393,1418198,544293684,66621502,44374517,60766337,0.912112,38519352,22246985,6025.238855,27.16077163
252,2019,AR,17268,5731585,1795265271,154732786,103796456,319265170,2.063332,268328840,50936330,15539.08038,46.81581796
253,2019,AZ,1182,28811394,483524730,92663263,50574947,59615285,0.643354,17526969,42088316,14828.23096,0.60833464
254,2019,CA,22466,8833765,8001761614,394353667,239784020,363012275,0.920524,208442628,154569647,9278.137096,23.59612555
255,2019,CO,14048,8560791,1102833050,174347972,105972096,96625786,0.554212,28249910,68375876,2010.956008,3.299918197
256,2019,CT,209,18577,30995371,7869830,5003496,678744,0.086246,-2187590,2866334,-10466.9378,-117.7579803
257,2019,DE,1430,324220,115882554,9716990,5911291,3593472,0.369813,-212227,3805699,-148.4104895,-0.654577139
258,2019,FL,4879,2356602,1013217010,80174201,46111058,54011349,0.673674,19948206,34063143,4088.584956,8.464817564
259,2019,GA,14199,2724852,1517715390,166916260,105042342,205558451,1.231506,143684533,61873918,10119.34171,52.73113292
260,2019,HI,92,15813,42734713,837219,495404,2102860,2.51172,1761045,341815,19141.79348,111.3669133
261,2019,IA,118260,21797357,12007386952,634444736,341410231,278615462,0.439148,-14419043,293034505,-121.9266278,-0.661504191
262,2019,ID,5157,3826060,961994433,62076497,33702600,41708354,0.671886,13334457,28373897,2585.700407,3.485166725
263,2019,IL,121181,19575142,10507994807,671776993,386793120,691974995,1.030066,406991122,284983873,3358.539061,20.79122195
264,2019,IN,46338,9639882,4915948431,358816515,203414044,441184251,1.229553,285781780,155402471,6167.330916,29.64577575
265,2019,KS,112954,20732473,4888251180,694490773,433186302,296066529,0.426307,34762058,261304471,307.7541123,1.676696166
266,2019,KY,16148,3462144,1559604949,154333390,99880357,141123679,0.914407,86670646,54453033,5367.268145,25.03380737
267,2019,LA,7484,2921963,1100484386,83113333,56677986,133169114,1.602259,106733767,26435347,14261.59367,36.52810354
268,2019,MA,432,23724,48616950,4076337,2581689,1872814,0.459435,378166,1494648,875.3842593,15.9402293
269,2019,MD,3950,842475,304329590,29275952,18560405,12065536,0.412131,1349989,10715547,341.7693671,1.60240838
270,2019,ME,419,104755,83363742,9857921,6560939,9273019,0.940666,5976037,3296982,14262.61814,57.04774951
271,2019,MI,20857,4141387,1717791955,156654709,101449829,298985814,1.908565,243780934,55204880,11688.20703,58.86456252
272,2019,MN,74948,17575201,8103711819,583176698,358539892,808723551,1.386755,584086745,224636806,7793.22657,33.23357411
273,2019,MO,51870,10072769,3382748726,406639792,261687570,464958675,1.143416,320006453,144952222,6169.393734,31.7694621
274,2019,MS,7670,3799184,1331376140,127164184,87695166,215337379,1.69338,175868361,39469018,22929.38214,46.29108803
275,2019,MT,13198,10521294,1090354877,161754352,99071055,115404382,0.713454,52721085,62683297,3994.626837,5.010893622
276,2019,NC,17307,3485886,1499276680,183227620,116318219,246858962,1.34728,179949561,66909401,10397.50165,51.62233102
277,2019,ND,53319,23675185,5682107550,845949865,585124961,925935087,1.09455,665110183,260824904,12474.16836,28.09313562
278,2019,NE,78333,18086655,7503093196,532121016,314649634,249009672,0.467956,31538290,217471382,402.6181814,1.743732603
279,2019,NH,63,6383,3746387,368975,245247,204080,0.553099,80352,123728,1275.428571,12.58843804
280,2019,NJ,953,151919,81737989,6051403,4321947,6144242,1.015341,4414786,1729456,4632.514166,29.06013073
281,2019,NM,1974,15148783,370701577,65357660,37462306,54938391,0.84058,27043037,27895354,13699.61348,1.785162346
282,2019,NV,360,19223882,250388104,59549562,32420710,44744620,0.751384,17615768,27128852,48932.68889,0.916348113
283,2019,NY,4509,1087007,548242333,55808390,36371466,80291580,1.4387,60854656,19436924,13496.26436,55.98368364
284,2019,OH,43594,7132262,3057302364,243412056,145650571,520775004,2.139479,423013519,97761485,9703.480273,59.30986817
285,2019,OK,17845,6568131,867281997,179496771,118352883,123949591,0.690539,62805703,61143888,3519.512637,9.562187934
286,2019,OR,3185,6281993,542084271,53936230,30139619,42335401,0.784915,18538790,23796611,5820.656201,2.951100073
287,2019,PA,7908,1166703,472230605,56469982,38145127,37042861,0.655974,18718006,18324855,2366.970916,16.0435055
288,2019,RI,27,1059,1222882,97043,64456,115243,1.187545,82656,32587,3061.333333,78.0509915
289,2019,SC,5388,1219839,467839521,87064412,57042632,100034462,1.14897,70012682,30021780,12994.18745,57.39501852
290,2019,SD,50024,18172528,4341320899,651153234,457290104,1095098859,1.681783,901235729,193863130,18016.06687,49.59330529
291,2019,TN,11091,2874380,990027919,93126691,62645532,64467817,0.692259,33986658,30481159,3064.345686,11.82399613
292,2019,TX,67099,39026357,4798493942,1022165458,686412022,1226147610,1.199558,890394174,335753436,13269.85758,22.81520087
293,2019,UT,912,11702143,108919017,21903216,11999766,16020884,0.731439,6117434,9903450,6707.712719,0.522761857
294,2019,VA,6284,1233459,484989250,60187552,39290220,47077736,0.782183,26180404,20897332,4166.200509,21.22519192
295,2019,VT,283,70004,23028457,2467348,1627589,3190716,1.293176,2350957,839759,8307.268551,33.58318096
296,2019,WA,11286,3603411,2633150022,141120509,77402852,109392210,0.775168,45674553,63717657,4047.009835,12.67536592
297,2019,WI,29973,5192090,2380199328,221406384,145542755,247793528,1.119179,171929899,75863629,5736.159177,33.11381332
298,2019,WV,307,50657,19914577,2013133,1337539,806393,0.400566,130799,675594,426.0553746,2.582051839
299,2019,WY,1863,5741772,152735953,20854179,11835866,19288812,0.924937,10270499,9018313,5512.881911,1.788733339
300,2020,AK,13,5495,755384,84693,66076,21770,0.257046,3153,18617,242.5384615,0.573794359
301,2020,AL,7310,1373394,563931087,68141896,44986953,76116488,1.117029,52961545,23154943,7245.081395,38.56252831
302,2020,AR,17030,5721973,2040352675,162160482,108945211,271408233,1.673701,218192962,53215271,12812.27023,38.13246969
303,2020,AZ,1253,30167321,495866481,96999990,52660495,159317537,1.642449,114978042,44339495,91762.20431,3.811344136
304,2020,CA,22281,8943440,8927637153,434604507,262322060,613877843,1.412497,441595396,172282447,19819.37058,49.37645872
305,2020,CO,14313,9550976,1076097918,174549620,104786239,260587173,1.492911,190823792,69763381,13332.20094,19.97950702
306,2020,CT,214,18454,32998439,8161526,5378758,4063438,0.497877,1280670,2782768,5984.439252,69.3979625
307,2020,DE,1512,317989,116595954,8857005,5411446,2319615,0.261896,-1125944,3445559,-744.6719577,-3.540826884
308,2020,FL,5457,2468944,1245978588,105194566,60844911,97552329,0.927351,53202674,44349655,9749.43632,21.54875688
309,2020,GA,17215,2707875,1635236926,176578849,109719939,144169344,0.816458,77310434,66858910,4490.876213,28.55022259
310,2020,HI,99,16345,45720680,883671,523074,2176383,2.462888,1815786,360597,18341.27273,111.0912206
311,2020,IA,117081,21822743,11982844379,609599031,329575998,618301904,1.014276,338278871,280023033,2889.272136,15.50120766
312,2020,ID,5347,5586780,966358380,66478376,35984663,42821862,0.644147,12328149,30493713,2305.619787,2.206664483
313,2020,IL,121444,19697515,10949675732,643966661,372993312,178865289,0.277755,-92108060,270973349,-758.4405981,-4.676125897
314,2020,IN,46254,9689173,5095193443,343817015,196049769,68843786,0.200233,-78923460,147767246,-1706.305617,-8.1455311
315,2020,KS,108797,20239362,4612356055,632551793,396524285,247893689,0.391894,11866181,236027508,109.067171,0.586292246
316,2020,KY,15982,3462891,1528688479,149565994,96056875,99691860,0.66654,46182741,53509119,2889.672194,13.33646973
317,2020,LA,7805,2915094,1199281863,88030296,59677367,124128389,1.410064,95775460,28352929,12271.03908,32.855016
318,2020,MA,451,26529,45477706,4198017,2668789,3023189,0.720146,1493961,1529228,3312.552106,56.31425987
319,2020,MD,4198,834950,307581980,27810813,17668199,10716608,0.385339,573994,10142614,136.7303478,0.687459129
320,2020,ME,428,107155,88297729,9927942,6530447,9244934,0.931203,5847439,3397495,13662.24065,54.56991274
321,2020,MI,21470,4270450,1986039276,161219544,104919519,81201440,0.503669,24901415,56300025,1159.823707,5.831098596
322,2020,MN,73990,17552811,8123781392,573745406,349820383,230909908,0.40246,6984885,223925023,94.40309501,0.397935408
323,2020,MO,50228,10046931,3477164252,384578738,251583296,168141412,0.437209,35145970,132995442,699.7286374,3.498179693
324,2020,MS,7511,3889110,1373090907,124371455,86014519,148973095,1.197807,110616159,38356936,14727.22128,28.44253801
325,2020,MT,12674,10881757,1014474025,156194364,95568572,56082015,0.359052,-4543777,60625792,-358.5116774,-0.417559131
326,2020,NC,24278,3459191,1631582826,217085430,138779025,334208783,1.539526,255902378,78306405,10540.5049,73.97752191
327,2020,ND,52805,23358849,5419233365,862846020,587399638,1032506016,1.196628,757059634,275446382,14336.89298,32.40997166
328,2020,NE,76580,17773860,7505904787,513118310,303922478,211526124,0.412236,2330292,209195832,30.42951162,0.131107818
329,2020,NH,74,8271,4713592,446685,291484,255747,0.572544,100546,155201,1358.72973,12.15645025
330,2020,NJ,953,149625,81312802,5998570,4230239,2484581,0.414195,716250,1768331,751.5739769,4.786967419
331,2020,NM,2078,17136442,402517034,69512755,39170922,133915573,1.926489,103573740,30341833,49842.99326,6.044063289
332,2020,NV,387,25156487,316757540,79273195,42635766,151965392,1.916983,115327963,36637429,298005.0724,4.58442242
333,2020,NY,4504,1071222,579605213,55766937,36639416,35657378,0.639399,16529857,19127521,3670.039298,15.4308416
334,2020,OH,43918,7195520,3306831481,234076302,142805232,81117519,0.346543,-10153551,91271070,-231.1933831,-1.41109343
335,2020,OK,17453,6702414,789638984,159088069,104781856,105242868,0.661538,50936655,54306213,2918.504269,7.599747643
336,2020,OR,3403,8143675,587499276,62068086,34667149,87376701,1.407755,59975764,27400937,17624.37967,7.364705001
337,2020,PA,7872,1152760,473554379,54038973,36415622,65202413,1.206581,47579062,17623351,6044.088161,41.2740397
338,2020,RI,31,1297,1294858,107110,70733,338530,3.160582,302153,36377,9746.870968,232.9629915
339,2020,SC,7616,1156669,499267776,94793891,60917106,100793184,1.063287,66916399,33876785,8786.291886,57.85267782
340,2020,SD,47953,16423131,4572864682,595096984,421362168,497835568,0.836562,324100752,173734816,6758.71691,19.73440704
341,2020,TN,10840,2894781,980532468,86306578,58498183,60655387,0.702789,32846992,27808395,3030.165314,11.3469696
342,2020,TX,69144,42437138,4769035429,1011934672,675680901,1528496821,1.510469,1192243050,336253771,17242.8996,28.09433214
343,2020,UT,944,12945409,115771189,23768912,12910674,54075531,2.275052,43217293,10858238,45781.03072,3.338426233
344,2020,VA,7617,1208243,501694921,62222656,40326460,65298550,1.049433,43402354,21896196,5698.090324,35.92187499
345,2020,VT,286,74720,26548737,2789064,1823182,2147984,0.770145,1182102,965882,4133.223776,15.82042291
346,2020,WA,10859,4936033,2689807063,150492358,82686452,118981588,0.790615,51175682,67805906,4712.743531,10.3677755
347,2020,WI,30385,5180974,2441505995,212134910,140396561,72202884,0.340363,464535,71738349,15.28830015,0.089661712
348,2020,WV,317,53977,21411861,2492509,1638127,2431984,0.975717,1577602,854382,4976.662461,29.22730052
349,2020,WY,1884,7292941,168356205,23765581,13384671,30030708,1.263621,19649798,10380910,10429.82909,2.694358559
350,2021,AK,13,5118,762207,93555,74497,68815,0.735556,49757,19058,3827.461538,9.721961704
351,2021,AL,7816,1429661,678646035,86095867,57243169,47016718,0.546097,18164020,28852698,2323.953429,12.7051238
352,2021,AR,16797,5528285,2269102826,188112081,129787606,222380265,1.182168,164055790,58324475,9766.969697,29.67571136
353,2021,AZ,1467,30269026,513802318,101544812,55287538,133199339,1.311729,86942065,46257274,59265.21132,2.872311286
354,2021,CA,22893,11249812,8796907685,459616296,271518397,550316640,1.197339,362218741,188097899,15822.24877,32.19775948
355,2021,CO,15272,12925990,1313696396,229519952,137216682,187202434,0.815625,94899164,92303270,6213.93164,7.341732742
356,2021,CT,244,19242,39857841,9717012,6439839,20288503,2.087936,17011330,3277173,69718.56557,884.0728614
357,2021,DE,1469,313122,143580879,11744959,7174267,1982609,0.168805,-2588083,4570692,-1761.799183,-8.26541412
358,2021,FL,6341,2804392,1505718070,147519955,85981404,112801857,0.764654,51263306,61538551,8084.419808,18.27965063
359,2021,GA,18386,2759124,1881591922,222534453,138817020,155415945,0.69839,71698512,83717433,3899.625367,25.98596946
360,2021,HI,116,16233,46241468,903305,533474,1675633,1.855002,1305802,369831,11256.91379,80.44120002
361,2021,IA,124295,22012911,14862544613,1053215303,565257770,114541433,0.108754,-373416100,487957533,-3004.272899,-16.96350383
362,2021,ID,5685,7054951,1129048154,80392535,43310310,185525466,2.307744,148443241,37082225,26111.38804,21.04100241
363,2021,IL,126233,19840264,13180103844,978622332,567695076,126446365,0.129208,-284480891,410927256,-2253.617446,-14.33856379
364,2021,IN,49738,9743256,6217529315,525711892,303191382,66272998,0.126063,-156247512,222520510,-3141.411235,-16.03647815
365,2021,KS,113337,21681803,5767122848,874396034,549926428,285266430,0.326243,-39203176,324469606,-345.8991856,-1.808114205
366,2021,KY,16475,3470393,1895367056,205288514,132889820,72693732,0.354105,295038,72398694,17.90822458,0.085015732
367,2021,LA,8885,2825159,1408108554,115728485,79659053,123476626,1.066951,87407194,36069432,9837.613281,30.93885831
368,2021,MA,458,26719,51649331,4820279,3050619,10434372,2.164682,8664712,1769660,18918.58515,324.2902803
369,2021,MD,4193,835219,379131421,36509099,23495733,7275544,0.19928,-5737822,13013366,-1368.42881,-6.869841323
370,2021,ME,442,104629,95656459,10117277,6641825,5483689,0.542012,2008237,3475452,4543.522624,19.19388506
371,2021,MI,23465,4286742,2396982309,221629316,143102728,76440695,0.344903,-2085893,78526588,-88.89379928,-0.486591682
372,2021,MN,75086,17743050,10030489990,833689726,511215829,526312359,0.631304,203838462,322473897,2714.733266,11.48835527
373,2021,MO,50720,9964014,4341918542,501619617,332235641,237052218,0.472573,67668242,169383976,1334.153036,6.79126324
374,2021,MS,7304,3599845,1539375750,140833801,102242325,122851704,0.872316,84260228,38591476,11536.17579,23.40662667
375,2021,MT,13069,12072976,1263962861,200913664,123547983,566917121,2.821695,489551440,77365681,37458.98232,40.54935916
376,2021,NC,25197,3471955,1928772794,274945510,177025868,169284385,0.615701,71364743,97919642,2832.271421,20.55462787
377,2021,ND,54841,24109019,7377351435,1085015995,745211235,1792567137,1.652111,1452762377,339804760,26490.44286,60.25804604
378,2021,NE,78694,19666484,9201484932,747087817,447000941,190882977,0.255502,-109203899,300086876,-1387.702989,-5.552792202
379,2021,NH,76,7850,5038172,427319,276536,213322,0.49921,62539,150783,822.8815789,7.966751592
380,2021,NJ,987,154187,95490875,7965663,5577733,1792942,0.225083,-594988,2387930,-602.8247214,-3.858872668
381,2021,NM,2440,23844663,524124869,100082893,55855261,131507706,1.313987,87280074,44227632,35770.52213,3.660360979
382,2021,NV,496,32258997,411845245,103557003,55475763,116713285,1.127043,68632045,48081240,138371.0585,2.127531894
383,2021,NY,4569,1107208,658159888,69172475,46142769,34360507,0.496736,11330801,23029706,2479.930182,10.23366974
384,2021,OH,47311,7244007,4112764025,360714165,221498856,35737239,0.099073,-103478070,139215309,-2187.188392,-14.28464522
385,2021,OK,17773,7014914,961086256,207812196,139781640,100733357,0.484732,32702801,68030556,1840.027064,4.661896211
386,2021,OR,3775,11800814,745974801,85103861,46693127,165814596,1.948379,127403862,38410734,33749.36742,10.7961927
387,2021,PA,8048,1191250,568904417,70178125,47818235,28864753,0.411306,6504863,22359890,808.258325,5.460535572
388,2021,RI,30,1223,1307699,103926,67311,168253,1.618969,131638,36615,4387.933333,107.635323
389,2021,SC,8172,1166427,614278544,121171242,78828482,33527121,0.276692,-8815639,42342760,-1078.761503,-7.557814591
390,2021,SD,50328,17889408,6215696832,838785868,593483552,705389173,0.840964,460086857,245302316,9141.767148,25.71839476
391,2021,TN,10950,2776032,1228819226,116057867,79383793,40915321,0.352542,4241247,36674074,387.3284932,1.527809117
392,2021,TX,77154,47455028,5875385506,1381704539,919265957,1165262873,0.843351,702824291,462438582,9109.369456,14.81032297
393,2021,UT,1210,18622240,161616301,33986227,18365281,53757221,1.581735,38136275,15620946,31517.58264,2.047888707
394,2021,VA,7782,1222818,602193414,78488775,51223225,38977070,0.496594,11711520,27265550,1504.949884,9.577484139
395,2021,VT,284,79972,31589574,3417474,2195272,2074893,0.607142,852691,1222202,3002.433099,10.66236933
396,2021,WA,11265,4637006,2918112643,150499804,81232374,440793165,2.928862,371525735,69267430,32980.53573,80.12190086
397,2021,WI,32760,5301931,3000774880,305730005,203024382,69448444,0.227156,-33257179,102705623,-1015.176404,-6.272654058
398,2021,WV,314,53650,25658168,3256043,2112896,2285718,0.701992,1142571,1143147,3638.761146,21.29675676
399,2021,WY,1951,10866018,219687876,32971557,18412200,32011386,0.970878,17452029,14559357,8945.171194,1.606110813
400,2022,AK,10,4464,714206,142033,99505,249607,1.757387,207079,42528,20707.9,46.38866487
401,2022,AL,8015,1486134,849650788,111837185,75996828,93641890,0.837305,57801533,35840357,7211.669744,38.89389046
402,2022,AR,17098,5661187,2876882244,262173549,183278513,355574156,1.356254,276679120,78895036,16181.95812,48.87298724
403,2022,AZ,1933,37630175,710854438,137403949,75394965,185565652,1.350511,123556668,62008984,63919.64201,3.283446543
404,2022,CA,23178,13949300,10699699576,572486219,330645770,1477647950,2.581106,1235807501,241840449,53318.12499,88.59279684
405,2022,CO,15294,15187849,1653403643,301488574,182616281,502258115,1.665927,383385822,118872293,25067.72734,25.24293085
406,2022,CT,258,19740,44101561,9107414,5904895,2103602,0.230976,-1098917,3202519,-4259.368217,-55.6695542
407,2022,DE,1461,319039,186288087,15537517,9515335,5821508,0.374674,-200674,6022182,-137.3538672,-0.628995201
408,2022,FL,6440,2915438,1573008964,166440135,98220599,256214346,1.539378,187994810,68219536,29191.74068,64.48252715
409,2022,GA,18560,2756281,2268499166,306605825,203198215,284425629,0.927658,181018019,103407610,9753.126024,65.67473309
410,2022,HI,120,16404,50515835,1026460,603813,3764637,3.667592,3341990,422647,27849.91667,203.7301878
411,2022,IA,124778,22095428,19569791307,1363672401,735344173,316654106,0.232206,-311674122,628328228,-2497.829121,-14.10581963
412,2022,ID,6197,8943730,1480598595,121896240,64523063,128818154,1.056785,71444977,57373177,11528.96192,7.98827525
413,2022,IL,125445,19964091,17046987628,1246616722,731433941,123835837,0.099337,-391346944,515182781,-3119.669528,-19.60254259
414,2022,IN,49210,9798645,8000714898,672365370,393511473,78788620,0.117181,-200065277,278853897,-4065.541089,-20.41764724
415,2022,KS,111616,22111777,7608591570,1171087817,738004266,2222761912,1.898031,1789678361,433083551,16034.24564,80.93778989
416,2022,KY,16135,3516642,2387892750,253836142,167091016,168213492,0.662685,81468366,86745126,5049.170499,23.1665225
417,2022,LA,9572,2791407,1803344185,158633751,110552662,170034943,1.071871,121953854,48081089,12740.68679,43.68902636
418,2022,MA,455,23176,54403331,4819773,2992131,2499450,0.518582,671808,1827642,1476.501099,28.98722817
419,2022,MD,4229,856195,489962035,47439636,30721370,13007524,0.274191,-3710742,16718266,-877.451407,-4.333991672
420,2022,ME,432,105645,113788507,11700353,7694029,4063899,0.347331,57575,4006324,133.275463,0.544985565
421,2022,MI,23020,4414551,3075928612,275735237,178964030,97447549,0.353409,676342,96771207,29.38062554,0.153207427
422,2022,MN,76246,17848760,12724074370,1075711894,656138157,370852074,0.34475,-48721663,419573737,-639.0061511,-2.729694556
423,2022,MO,49989,10137095,5562268455,646110599,430311856,355949826,0.550911,140151083,215798743,2803.63846,13.82556669
424,2022,MS,7784,3623028,2011719258,204174651,151466127,198670579,0.973042,145962055,52708524,18751.54869,40.28731078
425,2022,MT,14399,16411339,1862608719,328948613,204696567,485809897,1.476856,361557851,124252046,25109.92784,22.03097815
426,2022,NC,25294,3420180,2323315876,346627462,227048333,221347545,0.638574,101768416,119579129,4023.421207,29.75528072
427,2022,ND,65802,25555330,9379953222,1538951139,1048087139,1142023648,0.742079,651159648,490864000,9895.7425,25.48038503
428,2022,NE,79596,20570317,12006058307,970554562,579188016,1532783758,1.579286,1141417212,391366546,14340.13282,55.48855723
429,2022,NH,75,8142,6363521,469154,306548,188990,0.402831,26384,162606,351.7866667,3.240481454
430,2022,NJ,955,156883,115752551,9921634,6850436,24003121,2.41927,20931923,3071198,21918.24398,133.4237808
431,2022,NM,2840,27837568,672846546,133260916,74706862,236940056,1.778016,178386002,58554054,62811.97254,6.408102964
432,2022,NV,655,37843353,483165810,127709595,68079941,213103478,1.668656,153473824,59629654,234311.1817,4.055502799
433,2022,NY,4558,1165621,818328371,85390848,57453070,53912155,0.631357,25974377,27937778,5698.634708,22.2837243
434,2022,OH,46464,7340979,5191867465,449575590,279272912,91769243,0.204124,-78533435,170302678,-1690.199617,-10.69795119
435,2022,OK,18860,7734007,1437072367,337281080,230928768,756742913,2.243656,650390601,106352312,34485.18563,84.09490721
436,2022,OR,4086,15269338,946619260,120901710,65337902,154924794,1.281411,99360986,55563808,24317.42193,6.507222906
437,2022,PA,8014,1212215,726231059,87025420,59796022,76646687,0.880739,49417289,27229398,6166.369978,40.76610915
438,2022,RI,31,1326,1485152,116970,77744,265500,2.269812,226274,39226,7299.16129,170.6440422
439,2022,SC,8258,1143732,765211119,153133036,103248114,169625007,1.107697,119740085,49884922,14499.8892,104.6924323
440,2022,SD,53857,18709917,8265006470,1143381759,800440952,1258610104,1.100778,915669297,342940807,17001.86228,48.9403185
441,2022,TN,10547,2807213,1553759819,144507701,99513529,147293440,1.019277,102299268,44994172,9699.371196,36.44157675
442,2022,TX,84277,52190730,8446702181,2156741250,1465890606,4636183109,2.149624,3945332465,690850644,46813.86932,75.59450625
443,2022,UT,1443,21799945,192874663,41111060,22261656,72454815,1.762416,53605411,18849404,37148.58697,2.458970011
444,2022,VA,7826,1226393,741878710,100951862,67007655,52721472,0.522243,18777265,33944207,2399.343854,15.31096883
445,2022,VT,293,86301,42629941,4345043,2824484,2050564,0.471931,530005,1520559,1808.890785,6.141354098
446,2022,WA,11671,5211422,3401761197,207926290,107183424,258303736,1.242285,157560870,100742866,13500.20307,30.2337577
447,2022,WI,32974,5394231,3934716486,403498450,269199791,73289948,0.181636,-61008711,134298659,-1850.206557,-11.30999229
448,2022,WV,301,52224,30234027,3700549,2412301,2194072,0.592904,905824,1288248,3009.38206,17.34497549
449,2022,WY,2045,14460147,285360279,44002551,24515488,56467659,1.283281,36980596,19487063,18083.42103,2.557414942
450,2023,AK,11,5162,782471,94026,68929,102300,1.087996,77203,25097,7018.454545,14.9560248
451,2023,AL,8443,1530577,866054163,112014823,75159867,91389237,0.815867,54534281,36854956,6459.111809,35.62988402
452,2023,AR,17580,5552370,3209235741,278076782,192839581,211879165,0.761944,126641964,85237201,7203.752218,22.80863199
453,2023,AZ,1953,41030201,771744587,148836656,80352117,192183829,1.291239,123699290,68484539,63338.09012,3.014835097
454,2023,CA,24169,17085489,11690993817,646903127,370787831,937783152,1.44965,661667856,276115296,27376.71629,38.72689017
455,2023,CO,15886,17348654,1868697689,345489618,208338249,354548306,1.026219,217396937,137151369,13684.81285,12.53105497
456,2023,CT,246,20051,51011499,9486939,5956551,19773339,2.084269,16242951,3530388,66028.2561,810.0818413
457,2023,DE,1489,315949,193706502,14915891,9175955,2792270,0.187201,-2947666,5739936,-1979.627938,-9.329562683
458,2023,FL,6560,3135838,1605791972,187548823,109370176,485547769,2.588913,407369122,78178647,62098.95152,129.9075788
459,2023,GA,19259,2760249,2240274272,289272425,187839836,281260992,0.972304,179828403,101432589,9337.369697,65.14934087
460,2023,HI,126,17085,55912829,1345884,789116,4939349,3.669966,4382581,556768,34782.38889,256.5163008
461,2023,IA,125303,22252475,20004065698,1165078505,622584232,1067093057,0.915897,524598784,542494273,4186.641852,23.57485107
462,2023,ID,6432,10253785,1768702805,147870624,78612397,150706080,1.019175,81447853,69258227,12662.91247,7.943198829
463,2023,IL,127168,20051132,17404094157,1077354945,633162028,416340574,0.386446,-27852343,444192917,-219.0200601,-1.389065864
464,2023,IN,50423,9793251,8088763958,598466249,351053146,88342573,0.147614,-159070530,247413103,-3154.721655,-16.24287277
465,2023,KS,115997,25046289,8266880711,1295855772,809015076,2186534617,1.687328,1699693921,486840696,14652.91276,67.86210608
466,2023,KY,16602,3604888,2480787268,242171641,159353188,99487151,0.410812,16668698,82818453,1004.017468,4.623915639
467,2023,LA,10385,2783556,2106588042,187921002,128159290,188594027,1.003581,128832315,59761712,12405.61531,46.28335661
468,2023,MA,495,24811,61983797,5791802,3633999,13903636,2.400571,11745833,2157803,23728.95556,473.4123171
469,2023,MD,4321,859471,515267686,46325977,30006249,19720341,0.425686,3400613,16319728,786.99676,3.956634953
470,2023,ME,410,101050,148236177,14526682,9602005,16578984,1.141278,11654307,4924677,28425.13902,115.3320831
471,2023,MI,23326,4338681,3127175942,269649810,174339366,172410289,0.639385,77099845,95310444,3305.317886,17.77034195
472,2023,MN,76725,17948150,13075654977,954498487,582743023,906980027,0.950216,535224563,371755464,6975.882216,29.82059783
473,2023,MO,51630,10258379,5691295398,602950391,401071666,417306657,0.692107,215427932,201878725,4172.534031,21.00019233
474,2023,MS,7878,3585054,2004574889,188199665,138039168,138110978,0.733853,87950481,50160497,11164.06207,24.5325401
475,2023,MT,14364,18442635,1990206311,350648680,216824455,282581805,0.805882,148757580,133824225,10356.2782,8.06596129
476,2023,NC,26346,3450471,2420140036,365213943,238004434,202534347,0.554563,75324838,127209509,2859.061641,21.83030607
477,2023,ND,66006,25909818,9825206302,1491478991,1011147808,842599874,0.564942,362268691,480331183,5488.420613,13.98190798
478,2023,NE,82587,25154746,12590301070,940435790,551879925,1233564713,1.311694,845008848,388555865,10231.74165,33.5924222
479,2023,NH,78,8592,7242616,533357,343713,1918740,3.597477,1729096,189644,22167.89744,201.244879
480,2023,NJ,1160,162910,128401121,10599407,7165442,5165014,0.487292,1731049,3433965,1492.283621,10.62579952
481,2023,NM,3241,29353048,734477689,148514119,82405900,209265396,1.40906,143157177,66108219,44170.68096,4.877080465
482,2023,NV,754,40588583,524447217,141255080,75072974,48485634,0.343248,-17696472,66182106,-23470.12202,-0.4359963
483,2023,NY,4733,1164823,871825900,86904512,58273350,60295466,0.693812,31664304,28631162,6690.112825,27.18379016
484,2023,OH,47738,7319443,5234136950,391917154,243413230,53759028,0.137169,-94744896,148503924,-1984.685073,-12.94427677
485,2023,OK,19799,9294953,1600879781,383884498,253477477,589327106,1.535167,458920085,130407021,23178.95272,49.37303986
486,2023,OR,4385,18539738,1099848736,151800425,83037496,180446606,1.188709,111683677,68762929,25469.48164,6.024015927
487,2023,PA,8280,1224431,748083842,84260497,57411707,36075755,0.428145,9226965,26848790,1114.367754,7.53571659
488,2023,RI,33,1213,1689334,172819,111397,330543,1.912654,269121,61422,8155.181818,221.8639736
489,2023,SC,8563,1143490,774915251,148132949,98728753,110805814,0.748015,61401618,49404196,7170.573164,53.69668121
490,2023,SD,56621,20799589,8950787208,1157808872,790916322,718669954,0.620715,351777404,366892550,6212.843362,16.91270938
491,2023,TN,10849,2840921,1560365682,138342404,94799167,53939986,0.389902,10396749,43543237,958.3140382,3.659640307
492,2023,TX,92169,57481244,8202444042,2053080788,1343889002,3070415096,1.495515,2361223310,709191786,25618.41085,41.07815255
493,2023,UT,1638,25143645,223984133,48773556,26343995,41336719,0.847523,18907158,22429561,11542.8315,0.751965676
494,2023,VA,8089,1237367,763311182,102038121,67752605,58656052,0.574844,24370536,34285516,3012.799604,19.69547919
495,2023,VT,303,90452,45816657,4392705,2888246,7535460,1.715448,6031001,1504459,19904.29373,66.67625923
496,2023,WA,11879,5936251,4029992674,276290672,145432794,522888603,1.89253,392030725,130857878,33001.99722,66.04011943
497,2023,WI,33163,5451085,4137578264,377569888,252278016,205949586,0.54546,80657714,125291872,2432.159756,14.7966348
498,2023,WV,322,51764,32565634,3835257,2523479,4830684,1.259546,3518906,1311778,10928.2795,67.97979291
499,2023,WY,2143,18953410,342572881,55681409,30728792,33436788,0.600501,8484171,24952617,3959.015866,0.447632959
