year,state,program,Total CRP - NUMBER OF CONTRACTS,Total CRP - NUMBER OF FARMS,Total CRP - ACRES,Total CRP - ANNUAL RENTAL PAYMENTS ($1000),Total CRP - ANNUAL RENTAL PAYMENTS ($/ACRE),Total General Sign-Up - NUMBER OF CONTRACTS,Total General Sign-Up - NUMBER OF FARMS,Total General Sign-Up - ACRES,Total General Sign-Up - ANNUAL RENTAL PAYMENTS ($1000),Total General Sign-Up - ANNUAL RENTAL PAYMENTS ($/ACRE),Total Continuous - NUMBER OF CONTRACTS,Total Continuous - NUMBER OF FARMS,Total Continuous - ACRES,Total Continuous - ANNUAL RENTAL PAYMENTS ($1000),Total Continuous - ANNUAL RENTAL PAYMENTS ($/ACRE),CREP Only - NUMBER OF CONTRACTS,CREP Only - NUMBER OF FARMS,CREP Only - ACRES,CREP Only - ANNUAL RENTAL PAYMENTS ($1000),CREP Only - ANNUAL RENTAL PAYMENTS ($/ACRE),Continuous Non-CREP - NUMBER OF CONTRACTS,Continuous Non-CREP - NUMBER OF FARMS,Continuous Non-CREP - ACRES,Continuous Non-CREP - ANNUAL RENTAL PAYMENTS ($1000),Continuous Non-CREP - ANNUAL RENTAL PAYMENTS ($/ACRE),Farmable Wetland - NUMBER OF CONTRACTS,Farmable Wetland - NUMBER OF FARMS,Farmable Wetland - ACRES,Farmable Wetland - ANNUAL RENTAL PAYMENTS ($1000),Farmable Wetland - ANNUAL RENTAL PAYMENTS ($/ACRE),Grassland - NUMBER OF CONTRACTS,Grassland - NUMBER OF FARMS,Grassland - ACRES,Grassland - ANNUAL RENTAL PAYMENTS ($1000),Grassland - ANNUAL RENTAL PAYMENTS ($/ACRE)
2014,U.S.,CRP,671921,376537,25448835,1620051,63.66,262288,177943,19704983,1006664,51.09,409633,239091,5743852,613387,106.79,73151,48435,1259523,172197,136.7160425,320938,192911,4145086,403289,97.29,15544,12063,339244,37901,111.72,,,,,
2014,ALABAMA,CRP,7473,5310,307772,14389,46.75,5826,4231,257891,11880,46.06,1647,1267,49881,2510,50.31,0,0,0,0,0,1644,1264,49867,2509,50.32,3,3,14,1,36.59,,,,,
2014,ALASKA,CRP,40,29,17977,635,35.33,33,23,17399,597,34.3,7,6,578,38,66.48,0,0,0,0,0,7,6,578,38,66.48,0,0,0,0,,,,,,
2014,ARIZONA,CRP,,,,,,,,,,,,,,,,,,,,0,,,,,,,,,,,,,,,
2014,ARKANSAS,CRP,5769,3226,236058,15991,67.74,1597,1137,89929,5191,57.73,4172,2435,146129,10800,73.91,236,161,6957,706,101.4805232,3917,2302,136981,9908,72.33,19,13,2191,186,85.03,,,,,
2014,CALIFORNIA,CRP,312,237,83114,3739,44.99,240,176,79525,3410,42.88,72,67,3589,329,91.77,17,16,1558,175,112.3234917,55,52,2030,154,75.85,0,0,0,0,,,,,,
2014,COLORADO,CRP,11300,5719,1988096,69092,34.75,9993,5228,1929421,64870,33.62,1307,775,58675,4222,71.95,176,123,25205,2891,114.6994644,1130,659,33313,1322,39.7,1,1,157,8,52.45,,,,,
2014,CONNECTICUT,CRP,6,6,58,4,72.95,5,5,57,4,73.1,1,1,1,0,67,0,0,0,0,0,1,1,1,0,67,0,0,0,0,,,,,,
2014,DELAWARE,CRP,581,310,6175,711,115.14,26,20,428,31,73.31,555,300,5747,680,118.25,519,288,5625,669,118.9333333,36,30,122,11,87.68,0,0,0,0,,,,,,
2014,FLORIDA,CRP,1084,880,43004,1942,45.16,1047,854,42031,1890,44.97,37,30,973,52,53.37,0,0,0,0,0,37,30,973,52,53.37,0,0,0,0,,,,,,
2014,GEORGIA,CRP,9484,6240,305053,15866,52.01,6314,4091,202231,9761,48.27,3170,2371,102822,6105,59.37,0,0,0,0,0,3170,2371,102822,6105,59.37,0,0,0,0,,,,,,
2014,HAWAII,CRP,15,13,771,39,50.43,0,0,0,0,,15,13,771,39,50.43,14,12,752,37,49.20212766,1,1,19,2,93.4,0,0,0,0,,,,,,
2014,IDAHO,CRP,4464,2533,604029,31267,51.76,3457,2009,485696,23957,49.33,1007,705,118333,7310,61.77,156,105,16671,2213,132.7454862,849,603,101650,5096,50.13,2,2,12,1,81.67,,,,,
2014,ILLINOIS,CRP,78829,43520,920342,130137,141.4,20156,14314,441372,48732,110.41,58673,34438,478970,81405,169.96,7670,5420,140956,26569,188.4914441,50945,30622,337380,54714,162.17,58,56,634,122,192.54,,,,,
2014,INDIANA,CRP,35964,20098,239502,32035,133.76,5281,4144,104975,10517,100.18,30683,17379,134526,21518,159.95,1000,743,8849,1909,215.730591,29576,16872,124687,19470,156.15,107,97,990,139,140.84,,,,,
2014,IOWA,CRP,99840,50708,1457518,221300,151.83,27038,19094,836100,108136,129.33,72802,40151,621418,113164,182.11,105,97,2842,721,253.6945813,67784,38118,541810,98967,182.66,4913,3938,76765,13475,175.54,,,,,
2014,KANSAS,CRP,41746,23914,2271468,95406,42,26829,17473,2088881,84941,40.66,14917,9035,182588,10465,57.31,90,65,15770,1845,116.994293,14712,8910,164835,8514,51.65,115,105,1982,106,53.52,,,,,
2014,KENTUCKY,CRP,14852,7896,276899,36545,131.98,3634,2645,119358,11437,95.82,11218,6034,157542,25108,159.37,3084,1576,98868,18230,184.3872638,8134,4485,58673,6878,117.22,0,0,0,0,,,,,,
2014,LOUISIANA,CRP,4860,3115,308391,21735,70.48,2107,1561,146998,7511,51.1,2753,1881,161393,14224,88.13,727,536,50062,3946,78.8222604,1984,1376,108007,9954,92.16,42,31,3324,324,97.52,,,,,
2014,MAINE,CRP,352,251,8605,399,46.37,188,138,6241,237,37.93,164,132,2364,162,68.67,0,0,0,0,0,164,132,2364,162,68.67,0,0,0,0,,,,,,
2014,MARYLAND,CRP,6054,3350,70136,10863,154.89,266,221,5102,394,77.15,5788,3270,65034,10470,160.99,5337,3148,62962,10268,163.0824942,450,333,2066,202,97.59,1,1,5,0,97,,,,,
2014,MASSACHUSETTS,CRP,3,3,10,2,207.2,0,0,0,0,,3,3,10,2,207.2,0,0,0,0,0,3,3,10,2,207.2,0,0,0,0,,,,,,
2014,MICHIGAN,CRP,13090,7398,175185,18244,104.14,3024,2476,78865,6149,77.97,10066,5451,96319,12095,125.58,6583,3539,74533,9807,131.5793004,3473,2317,21709,2280,105.01,10,10,77,8,108.32,,,,,
2014,MINNESOTA,CRP,56976,30421,1299533,104616,80.5,19121,13272,796064,50849,63.88,37855,21977,503469,53767,106.79,2973,2423,88699,10179,114.7589037,31522,19225,363960,37675,103.51,3360,2842,50810,5914,116.39,,,,,
2014,MISSISSIPPI,CRP,18149,11374,759117,44097,58.09,9462,6992,517681,26318,50.84,8687,5831,241436,17779,73.64,0,0,0,0,0,8602,5766,230522,16722,72.54,85,74,10914,1057,96.86,,,,,
2014,MISSOURI,CRP,31587,18412,1039657,102137,98.24,17498,12115,842392,81634,96.91,14089,8851,197265,20503,103.93,1078,788,36781,3551,96.54441152,13007,8229,160269,16929,105.63,4,3,215,23,108.73,,,,,
2014,MONTANA,CRP,9954,4351,1754964,53916,30.72,8520,3851,1602843,48820,30.46,1434,729,152121,5095,33.5,123,54,11099,868,78.20524372,1296,671,140662,4214,29.96,15,7,360,13,35.89,,,,,
2014,NEBRASKA,CRP,23969,13726,843701,57874,68.6,10397,7034,651648,38094,58.46,13572,8544,192054,19780,102.99,2820,2090,67263,7635,113.5096561,10313,6767,120912,11810,97.67,439,383,3879,335,86.38,,,,,
2014,NEVADA,CRP,,,,,,,,,,,,,,,,,,,,0,,,,,,,,,,,,,,,
2014,NEW HAMPSHIRE,CRP,3,3,13,1,69.04,0,0,0,0,,3,3,13,1,69.04,0,0,0,0,0,3,3,13,1,69.04,0,0,0,0,,,,,,
2014,NEW JERSEY,CRP,303,204,2086,168,80.54,26,22,674,28,41.39,277,183,1411,140,99.24,205,140,722,99,137.1191136,72,55,690,41,59.79,0,0,0,0,,,,,,
2014,NEW MEXICO,CRP,2019,1287,434735,16246,37.37,1851,1194,408766,15275,37.37,168,117,25969,971,37.39,0,0,0,0,0,168,117,25969,971,37.39,0,0,0,0,,,,,,
2014,NEW YORK,CRP,2571,1856,44607,3409,76.43,802,623,21961,965,43.92,1769,1283,22647,2445,107.94,1138,827,13906,1981,142.4564936,631,491,8741,463,53.01,0,0,0,0,,,,,,
2014,NORTH CAROLINA,CRP,7290,4668,101473,7571,74.61,2393,1851,44913,2269,50.53,4897,2951,56561,5302,93.74,2399,1589,33256,3662,110.1154679,2496,1595,23247,1634,70.28,2,1,58,6,99.53,,,,,
2014,NORTH DAKOTA,CRP,25261,13029,1619317,69623,42.99,12006,7484,1132647,40858,36.07,13255,7357,486670,28764,59.1,82,61,1616,57,35.27227723,10931,6493,389336,21475,55.16,2242,1524,95718,7232,75.56,,,,,
2014,OHIO,CRP,36264,20304,278409,38094,136.83,4473,3638,99986,8518,85.19,31791,18068,178423,29575,165.76,13962,8946,115166,22065,191.5930049,17785,11499,63007,7475,118.64,44,45,250,35,141.81,,,,,
2014,OKLAHOMA,CRP,6606,4438,756939,26042,34.4,6176,4177,741455,25385,34.24,430,350,15484,657,42.44,62,55,624,39,62.5,365,292,14691,607,41.33,3,3,169,11,62.99,,,,,
2014,OREGON,CRP,4415,2325,551111,33001,59.88,2433,1375,496391,28581,57.58,1982,1213,54720,4420,80.77,1656,1058,41980,3643,86.77941877,326,206,12740,777,60.98,0,0,0,0,,,,,,
2014,PENNSYLVANIA,CRP,10333,6782,174667,19447,111.34,370,318,10384,511,49.16,9963,6578,164283,18937,115.27,9726,6408,163675,18903,115.4910646,237,213,608,34,55.25,0,0,0,0,,,,,,
2014,PUERTO RICO,CRP,17,17,1243,82,66.21,10,10,341,26,76.23,7,7,902,56,62.42,0,0,0,0,0,7,7,902,56,62.42,0,0,0,0,,,,,,
2014,RHODE ISLAND,CRP,,,,,,,,,,,,,,,,,,,,0,,,,,,,,,,,,,,,
2014,SOUTH CAROLINA,CRP,5557,3077,112260,4480,39.91,2391,1679,72946,2534,34.74,3166,1727,39314,1946,49.5,0,0,0,0,0,3166,1727,39314,1946,49.5,0,0,0,0,,,,,,
2014,SOUTH DAKOTA,CRP,29577,13877,932566,67232,72.09,5367,3490,405460,20205,49.83,24210,12161,527107,47027,89.22,1006,617,80846,8658,107.0924968,19136,10452,355610,29476,82.89,4068,2913,90650,8892,98.1,,,,,
2014,TENNESSEE,CRP,5995,3957,148230,12422,83.8,3583,2777,119906,9843,82.09,2412,1622,28325,2579,91.04,0,0,0,0,0,2412,1622,28325,2579,91.04,0,0,0,0,,,,,,
2014,TEXAS,CRP,20616,15014,3176613,116814,36.77,18767,13706,3018651,110388,36.57,1849,1501,157963,6426,40.68,0,0,0,0,0,1849,1501,157963,6426,40.68,0,0,0,0,,,,,,
2014,UTAH,CRP,866,540,176919,5928,33.5,839,523,176664,5916,33.49,27,22,255,12,46.25,0,0,0,0,0,27,22,255,12,46.25,0,0,0,0,,,,,,
2014,VERMONT,CRP,411,296,2884,296,102.73,2,2,52,4,73.17,409,294,2831,292,103.27,373,275,2574,279,108.3916084,36,35,257,14,53.96,0,0,0,0,,,,,,
2014,VIRGINIA,CRP,5519,4218,56142,3491,62.19,1086,885,24035,1021,42.48,4433,3409,32107,2470,76.94,3836,3044,28242,2255,79.84562,597,474,3865,215,55.58,0,0,0,0,,,,,,
2014,WASHINGTON,CRP,12044,5267,1395724,81126,58.12,7471,3653,1218074,67857,55.71,4573,2529,177650,13269,74.69,1042,847,13553,2547,187.9288718,3529,1759,164086,10721,65.34,2,2,11,1,110.54,,,,,
2014,WEST VIRGINIA,CRP,498,409,6372,493,77.33,8,7,325,13,40.53,490,404,6046,480,79.31,469,386,5880,471,80.10204082,21,19,166,8,49.9,0,0,0,0,,,,,,
2014,WISCONSIN,CRP,18173,11371,262368,25870,98.6,9536,7003,187324,16407,87.59,8637,5489,75044,9463,126.11,4487,2998,42029,5317,126.5078874,4141,3037,32956,4137,125.55,9,9,59,9,159.77,,,,,
2014,WYOMING,CRP,828,556,196848,5229,26.56,638,421,180753,4699,26,190,146,16095,530,32.95,0,0,0,0,0,190,146,16095,530,32.95,0,0,0,0,,,,,,
2015,U.S.,CRP,655838,368213,24180455,1614882,66.78,238044,164226,17975894,922936,51.34,417794,242720,6204561,691945,111.52,72068,47792,1221646,172244,140.9933811,329599,197098,4622755,478192,103.44,16127,12404,359778,41510,115.38,,,,,
2015,ALABAMA,CRP,6725,4854,277893,12764,45.93,5032,3735,225620,10114,44.83,1693,1309,52272,2650,50.69,0,0,0,0,0,1690,1306,52259,2649,50.7,3,3,14,1,36.59,,,,,
2015,ALASKA,CRP,37,28,17518,619,35.32,31,23,16951,581,34.28,6,5,567,38,66.41,0,0,0,0,0,6,5,567,38,66.41,0,0,0,0,,,,,,
2015,ARIZONA,CRP,,,,,,,,,,,,,,,,,,,,0,,,,,,,,,,,,,,,
2015,ARKANSAS,CRP,5739,3215,233873,16243,69.45,1458,1047,79689,4706,59.05,4281,2508,154184,11537,74.82,234,164,6941,705,101.5703789,4028,2371,145052,10646,73.39,19,13,2191,186,85.03,,,,,
2015,CALIFORNIA,CRP,297,225,81456,3615,44.38,236,172,78788,3386,42.98,61,58,2668,229,85.81,11,11,1290,142,110.0775194,50,48,1378,87,63.09,0,0,0,0,,,,,,
2015,COLORADO,CRP,10865,5575,1912279,66699,34.88,9532,5050,1843439,61853,33.55,1333,795,68840,4846,70.4,189,130,26981,3204,118.7502316,1143,671,41702,1634,39.18,1,1,157,8,52.45,,,,,
2015,CONNECTICUT,CRP,5,5,49,3,70.77,4,4,47,3,70.88,1,1,1,0,67,0,0,0,0,0,1,1,1,0,67,0,0,0,0,,,,,,
2015,DELAWARE,CRP,566,304,6026,709,117.63,23,19,325,26,80.69,543,295,5701,683,119.74,519,288,5616,675,120.1923077,24,19,85,8,94.59,0,0,0,0,,,,,,
2015,FLORIDA,CRP,899,732,36097,1674,46.37,842,692,34190,1561,45.66,57,45,1907,113,59.02,0,0,0,0,0,57,45,1907,113,59.02,0,0,0,0,,,,,,
2015,GEORGIA,CRP,7978,5419,260276,14546,55.89,4142,2913,140064,7163,51.14,3836,2754,120212,7382,61.41,0,0,0,0,0,3836,2754,120212,7382,61.41,0,0,0,0,,,,,,
2015,HAWAII,CRP,19,15,1000,50,49.64,0,0,0,0,,19,15,1000,50,49.64,18,14,982,48,48.87983707,1,1,19,2,93.4,0,0,0,0,,,,,,
2015,IDAHO,CRP,4261,2411,583474,30384,52.08,3208,1884,440575,22019,49.98,1053,733,142899,8365,58.54,156,105,16528,2194,132.7444337,896,631,126366,6171,48.83,1,1,6,0,78.55,,,,,
2015,ILLINOIS,CRP,78058,43121,894787,135920,151.9,18566,13351,401643,45288,112.76,59492,34778,493144,90632,183.78,7281,5139,129265,27387,211.8670947,52137,31238,362977,63049,173.7,74,68,888,196,220.52,,,,,
2015,INDIANA,CRP,35451,19852,231995,32669,140.82,4788,3801,93450,9579,102.51,30663,17374,138545,23090,166.66,1032,770,9336,2043,218.8303342,29525,16856,128217,20903,163.03,106,97,990,143,144.9,,,,,
2015,IOWA,CRP,100847,51155,1484376,243580,164.1,25149,18068,776213,102245,131.72,75698,41368,708163,141336,199.58,111,103,3035,806,265.568369,70578,39307,626156,126082,201.36,5009,4007,78783,14448,183.39,,,,,
2015,KANSAS,CRP,40404,23340,2181943,91905,42.12,25373,16776,1981070,80409,40.59,15031,9125,200872,11496,57.23,89,62,15921,1871,117.5177439,14830,9004,182987,9521,52.03,112,104,1965,105,53.53,,,,,
2015,KENTUCKY,CRP,14351,7626,262397,35884,136.75,3187,2335,104237,10315,98.95,11164,5991,158160,25569,161.66,3070,1568,98463,18237,185.2167819,8094,4450,59697,7332,122.82,0,0,0,0,,,,,,
2015,LOUISIANA,CRP,4785,3087,295053,23374,79.22,1616,1240,99054,5225,52.74,3169,2144,195999,18149,92.6,722,531,48570,3849,79.24644842,2405,1653,144105,13976,96.99,42,31,3324,324,97.52,,,,,
2015,MAINE,CRP,340,240,8303,385,46.31,183,133,5979,224,37.53,157,125,2324,160,68.9,0,0,0,0,0,157,125,2324,160,68.9,0,0,0,0,,,,,,
2015,MARYLAND,CRP,5915,3279,67279,10921,162.32,224,188,4503,352,78.11,5691,3211,62776,10569,168.37,5253,3091,60739,10368,170.6975749,437,324,2031,200,98.6,1,1,5,0,97,,,,,
2015,MASSACHUSETTS,CRP,3,3,10,2,207.2,0,0,0,0,,3,3,10,2,207.2,0,0,0,0,0,3,3,10,2,207.2,0,0,0,0,,,,,,
2015,MICHIGAN,CRP,12740,7158,166563,17882,107.36,2758,2259,69702,5517,79.15,9982,5393,96861,12364,127.65,6676,3588,75600,10058,133.042328,3296,2213,21184,2298,108.48,10,10,77,8,108.32,,,,,
2015,MINNESOTA,CRP,55600,29741,1150883,102444,89.01,16546,11836,596268,41014,68.78,39054,22534,554614,61430,110.76,2754,2270,82765,9574,115.6769166,32880,19874,419328,45606,108.76,3420,2880,52499,6251,119.06,,,,,
2015,MISSISSIPPI,CRP,17844,11205,743020,44802,60.3,8964,6685,482830,24773,51.31,8880,5947,260190,20029,76.98,0,0,0,0,0,8793,5881,249178,18962,76.1,87,76,11012,1067,96.93,,,,,
2015,MISSOURI,CRP,31157,18211,1010979,102010,100.9,16438,11513,788091,77733,98.64,14719,9226,222887,24277,108.92,1075,786,36411,3520,96.67408201,13640,8615,186261,20733,111.31,4,3,215,23,108.73,,,,,
2015,MONTANA,CRP,8650,3828,1499179,44668,29.79,7196,3310,1344025,39568,29.44,1454,728,155154,5099,32.87,108,48,10014,740,73.89654484,1320,677,144674,4343,30.02,26,8,373,17,45.29,,,,,
2015,NEBRASKA,CRP,22756,13266,784695,56075,71.46,9166,6373,580979,33875,58.31,13590,8599,203716,22200,108.98,2497,1882,63981,7306,114.1901502,10651,6978,135775,14522,106.96,442,385,3960,372,93.93,,,,,
2015,NEVADA,CRP,,,,,,,,,,,,,,,,,,,,0,,,,,,,,,,,,,,,
2015,NEW HAMPSHIRE,CRP,3,3,13,1,69.04,0,0,0,0,,3,3,13,1,69.04,0,0,0,0,0,3,3,13,1,69.04,0,0,0,0,,,,,,
2015,NEW JERSEY,CRP,318,209,2045,175,85.81,23,21,550,23,42.37,295,189,1495,152,101.78,220,146,762,106,139.1076115,75,57,733,46,62.92,0,0,0,0,,,,,,
2015,NEW MEXICO,CRP,1993,1279,430670,16092,37.37,1793,1169,396758,14875,37.49,200,136,33911,1217,35.89,0,0,0,0,0,200,136,33911,1217,35.89,0,0,0,0,,,,,,
2015,NEW YORK,CRP,2529,1825,42786,3327,77.76,753,583,20155,889,44.12,1776,1290,22631,2438,107.71,1143,833,13920,1975,141.8821839,633,491,8711,463,53.11,0,0,0,0,,,,,,
2015,NORTH CAROLINA,CRP,6594,4307,89343,6516,72.94,2245,1742,41953,2134,50.86,4349,2679,47390,4382,92.48,1850,1296,24290,2741,112.8447921,2497,1592,23042,1636,70.99,2,1,58,6,99.53,,,,,
2015,NORTH DAKOTA,CRP,24238,12519,1523711,67678,44.42,10455,6680,990317,35431,35.78,13783,7539,533394,32247,60.46,82,61,1616,57,35.27227723,11230,6632,424577,23757,55.95,2471,1638,107201,8433,78.67,,,,,
2015,OHIO,CRP,36210,20214,267222,37968,142.08,4086,3356,85702,7407,86.43,32124,18199,181520,30561,168.36,14492,9280,116917,22655,193.7699394,17585,11388,64327,7867,122.3,47,48,276,38,139.02,,,,,
2015,OKLAHOMA,CRP,6422,4335,735710,25296,34.38,5998,4078,720400,24645,34.21,424,347,15310,652,42.56,72,61,670,42,62.68656716,349,283,14470,599,41.38,3,3,169,11,62.99,,,,,
2015,OREGON,CRP,4376,2333,541411,32525,60.07,2391,1365,486562,28044,57.64,1985,1225,54849,4481,81.69,1677,1075,42531,3732,87.74776046,308,198,12317,749,60.82,0,0,0,0,,,,,,
2015,PENNSYLVANIA,CRP,9926,6567,164509,18765,114.07,337,289,9218,455,49.35,9589,6378,155290,18310,117.91,9388,6235,154741,18280,118.1328801,201,182,550,30,54.15,0,0,0,0,,,,,,
2015,PUERTO RICO,CRP,15,15,807,54,66.86,10,10,341,26,76.23,5,5,466,28,60,0,0,0,0,0,5,5,466,28,60,0,0,0,0,,,,,,
2015,RHODE ISLAND,CRP,,,,,,,,,,,,,,,,,,,,0,,,,,,,,,,,,,,,
2015,SOUTH CAROLINA,CRP,4840,2698,95143,3824,40.19,1940,1384,59988,2083,34.73,2900,1542,35155,1741,49.52,0,0,0,0,0,2900,1542,35155,1741,49.52,0,0,0,0,,,,,,
2015,SOUTH DAKOTA,CRP,29722,13795,926106,72120,77.87,4314,2861,338034,16902,50,25408,12502,588071,55218,93.9,1004,609,79962,8569,107.1634026,20169,10797,412514,36792,89.19,4235,3014,95535,9857,103.18,,,,,
2015,TENNESSEE,CRP,5822,3870,142833,12180,85.27,3367,2621,113252,9383,82.85,2455,1669,29581,2797,94.55,0,0,0,0,0,2455,1669,29581,2797,94.55,0,0,0,0,,,,,,
2015,TEXAS,CRP,19769,14472,3040376,111761,36.76,17727,13108,2858337,104417,36.53,2042,1586,182039,7344,40.34,0,0,0,0,0,2042,1586,182039,7344,40.34,0,0,0,0,,,,,,
2015,UTAH,CRP,853,535,176202,5905,33.51,825,515,175761,5884,33.48,28,25,441,20,45.52,0,0,0,0,0,28,25,441,20,45.52,0,0,0,0,,,,,,
2015,VERMONT,CRP,414,299,2871,297,103.34,2,2,52,4,73.17,412,297,2819,293,103.9,377,278,2609,281,107.7041012,35,35,210,11,54.68,0,0,0,0,,,,,,
2015,VIRGINIA,CRP,5442,4156,54532,3434,62.97,1017,834,22275,950,42.66,4425,3396,32257,2484,77,3790,3019,28155,2257,80.16338128,635,498,4102,227,55.36,0,0,0,0,,,,,,
2015,WASHINGTON,CRP,11723,5232,1310467,76254,58.19,7099,3520,1127690,62447,55.38,4624,2584,182777,13807,75.54,1100,894,13963,2719,194.7289264,3522,1776,168803,11087,65.68,2,2,11,1,110.54,,,,,
2015,WEST VIRGINIA,CRP,511,418,6502,511,78.61,8,7,325,13,40.53,503,413,6177,498,80.61,483,396,6015,490,81.46300914,20,18,162,8,50.08,0,0,0,0,,,,,,
2015,WISCONSIN,CRP,17021,10696,244017,25283,103.61,8370,6263,164784,14832,90.01,8651,5512,79233,10451,131.9,4595,3059,43057,5612,130.3388531,4046,2995,36106,4826,133.67,10,10,71,13,180.61,,,,,
2015,WYOMING,CRP,803,539,191605,5086,26.55,621,410,175561,4558,25.96,182,139,16044,528,32.9,0,0,0,0,0,182,139,16044,528,32.9,0,0,0,0,,,,,,
2016,U.S.,CRP,655054,366965,23880554,1733963,72.61,218425,152611,16856927,863740,51.24,436629,251673,7023627,870223,123.9,69585,46294,1169879,169628,144.9961919,350027,207423,5453245,651126,119.4,17017,12998,399538,49469,123.82,,,,,
2016,ALABAMA,CRP,6081,4442,255214,11543,45.23,4442,3336,204413,8939,43.73,1639,1277,50801,2604,51.27,0,0,0,0,0,1635,1274,50740,2603,51.3,4,4,37,2,43.11,,,,,
2016,ALASKA,CRP,36,29,17423,612,35.14,31,24,16951,581,34.28,5,5,472,31,65.89,0,0,0,0,0,5,5,472,31,65.89,0,0,0,0,,,,,,
2016,ARIZONA,CRP,,,,,,,,,,,,,,,,,,,,0,,,,,,,,,,,,,,,
2016,ARKANSAS,CRP,5689,3236,231506,16696,72.12,1273,939,68381,4114,60.16,4416,2606,163124,12582,77.13,245,174,6936,704,101.4994233,4151,2459,153986,11690,75.91,20,14,2203,188,85.2,,,,,
2016,CALIFORNIA,CRP,272,204,79611,3474,43.63,232,169,78300,3373,43.08,40,39,1311,101,76.69,6,6,393,43,109.4147583,34,33,918,57,62.36,0,0,0,0,,,,,,
2016,COLORADO,CRP,10532,5503,1853269,64926,35.03,9182,4948,1772971,59388,33.5,1350,819,80298,5538,68.97,204,142,28837,3536,122.6202448,1144,682,50823,1972,38.8,2,2,606,30,48.71,,,,,
2016,CONNECTICUT,CRP,5,5,49,3,70.77,4,4,47,3,70.88,1,1,1,0,67,0,0,0,0,0,1,1,1,0,67,0,0,0,0,,,,,,
2016,DELAWARE,CRP,462,250,4568,542,118.65,23,19,325,26,80.69,439,237,4243,516,121.56,407,230,4097,500,122.0405175,32,21,146,16,105.84,0,0,0,0,,,,,,
2016,FLORIDA,CRP,754,619,31478,1472,46.76,690,574,29238,1341,45.87,64,49,2240,131,58.49,0,0,0,0,0,64,49,2240,131,58.49,0,0,0,0,,,,,,
2016,GEORGIA,CRP,7222,4894,238647,14329,60.04,2794,2022,99925,5383,53.87,4428,3120,138722,8946,64.49,0,0,0,0,0,4428,3120,138722,8946,64.49,0,0,0,0,,,,,,
2016,HAWAII,CRP,19,15,995,49,49.65,0,0,0,0,,19,15,995,49,49.65,18,14,977,48,49.12998976,1,1,19,2,93.4,0,0,0,0,,,,,,
2016,IDAHO,CRP,4096,2320,569089,29915,52.57,2987,1791,416566,20868,50.1,1109,746,152523,9047,59.32,156,107,16570,2200,132.7700664,952,643,135948,6847,50.36,1,1,6,0,78.55,,,,,
2016,ILLINOIS,CRP,78657,43599,894302,149943,167.66,16749,12317,363501,42035,115.64,61908,36098,530800,107908,203.29,5914,4213,104146,23305,223.7723964,55893,33291,425127,84203,198.06,101,93,1475,400,271.29,,,,,
2016,INDIANA,CRP,35489,19912,236075,36835,156.03,4251,3435,82960,8712,105.02,31238,17671,153115,28122,183.67,1104,820,10362,2376,229.2993631,30026,17124,141738,25590,180.55,108,99,1013,156,153.89,,,,,
2016,IOWA,CRP,107190,53686,1688975,318248,188.43,23009,16874,715154,96099,134.37,84181,45000,973821,222149,228.12,117,108,3137,849,270.6407396,78839,42900,883067,203487,230.43,5225,4178,87137,17813,204.42,,,,,
2016,KANSAS,CRP,39350,22774,2132782,90517,42.44,24241,16106,1903413,77075,40.49,15109,9195,229370,13442,58.6,96,68,17410,2102,120.7352096,14899,9066,209930,11230,53.49,114,108,2029,110,54.1,,,,,
2016,KENTUCKY,CRP,13851,7440,251035,36400,145,2792,2075,89814,9227,102.74,11059,5987,161220,27173,168.54,3064,1573,97952,18202,185.8257106,7995,4447,63269,8971,141.79,0,0,0,0,,,,,,
2016,LOUISIANA,CRP,4697,3042,289305,24607,85.05,1133,878,72302,3868,53.5,3564,2404,217004,20739,95.57,723,531,48505,3844,79.2495619,2798,1925,165140,16568,100.33,43,32,3358,328,97.57,,,,,
2016,MAINE,CRP,341,238,7996,373,46.61,177,130,5667,212,37.45,164,125,2328,160,68.89,0,0,0,0,0,164,125,2328,160,68.89,0,0,0,0,,,,,,
2016,MARYLAND,CRP,5632,3168,63326,11003,173.74,195,167,4194,326,77.68,5437,3104,59133,10677,180.56,5006,2976,57214,10480,183.1719509,430,327,1913,196,102.44,1,1,5,0,97,,,,,
2016,MASSACHUSETTS,CRP,3,3,10,2,207.2,0,0,0,0,,3,3,10,2,207.2,0,0,0,0,0,3,3,10,2,207.2,0,0,0,0,,,,,,
2016,MICHIGAN,CRP,12121,6783,158051,18226,115.32,2457,2034,61782,5015,81.18,9664,5199,96269,13211,137.23,6303,3438,73315,10439,142.3855964,3350,2211,22858,2762,120.83,11,11,96,10,106.35,,,,,
2016,MINNESOTA,CRP,56903,30137,1153092,114975,99.71,15067,10951,527073,37084,70.36,41836,23681,626019,77892,124.42,2300,1929,70780,8266,116.7844024,36064,21288,500285,62720,125.37,3472,2914,54930,6906,125.72,,,,,
2016,MISSISSIPPI,CRP,17243,11007,724431,45841,63.28,8456,6413,452432,23375,51.67,8787,5963,271999,22466,82.59,13,10,640,95,148.4375,8686,5892,260340,21303,81.83,88,77,11001,1067,97.01,,,,,
2016,MISSOURI,CRP,30744,18049,990321,104481,105.5,15232,10892,732589,73801,100.74,15512,9655,257733,30680,119.04,1066,778,36169,3499,96.74030247,14442,9053,221348,27157,122.69,4,3,215,23,108.73,,,,,
2016,MONTANA,CRP,8199,3665,1408702,41553,29.5,6622,3099,1237045,35777,28.92,1577,773,171657,5776,33.65,113,48,10943,783,71.5525907,1438,722,160248,4976,31.05,26,8,373,17,45.29,,,,,
2016,NEBRASKA,CRP,22710,13296,781976,62418,79.82,8093,5749,535324,30922,57.76,14617,9202,246652,31496,127.69,2461,1854,62523,7146,114.2939398,11713,7646,180136,23958,133,443,388,3992,392,98.22,,,,,
2016,NEVADA,CRP,,,,,,,,,,,,,,,,,,,,0,,,,,,,,,,,,,,,
2016,NEW HAMPSHIRE,CRP,3,3,13,1,69.04,0,0,0,0,,3,3,13,1,69.04,0,0,0,0,0,3,3,13,1,69.04,0,0,0,0,,,,,,
2016,NEW JERSEY,CRP,332,214,2062,179,86.72,22,20,541,23,42.26,310,195,1520,156,102.55,232,151,772,108,139.8963731,78,59,749,48,63.49,0,0,0,0,,,,,,
2016,NEW MEXICO,CRP,2017,1294,435521,16234,37.27,1791,1168,395763,14838,37.49,226,160,39758,1396,35.11,0,0,0,0,0,226,160,39758,1396,35.11,0,0,0,0,,,,,,
2016,NEW YORK,CRP,2312,1698,38544,3087,80.09,685,541,18210,808,44.39,1627,1198,20334,2279,112.06,1161,839,13875,1938,139.6756757,466,383,6459,341,52.8,0,0,0,0,,,,,,
2016,NORTH CAROLINA,CRP,5605,3741,75699,5519,72.91,1950,1537,36272,1865,51.4,3655,2298,39428,3654,92.69,1514,1081,19030,2146,112.7693116,2139,1394,20340,1503,73.88,2,1,58,6,99.53,,,,,
2016,NORTH DAKOTA,CRP,24563,12664,1539085,72301,46.98,9782,6343,929547,33257,35.78,14781,7984,609538,39044,64.05,82,61,1616,57,35.27227723,11810,6950,479145,28153,58.76,2889,1875,128777,10833,84.12,,,,,
2016,OHIO,CRP,36513,20333,263371,40301,153.02,3618,3007,75114,6573,87.5,32895,18527,188257,33728,179.16,15001,9607,118890,24442,205.5849945,17844,11561,69037,9241,133.85,50,51,322,45,139.3,,,,,
2016,OKLAHOMA,CRP,6250,4258,717251,24628,34.34,5831,4002,701055,23946,34.16,419,343,16197,682,42.13,74,62,664,42,63.25301205,342,278,15363,630,41,3,3,169,11,62.99,,,,,
2016,OREGON,CRP,4209,2280,523269,31526,60.25,2263,1323,468940,27046,57.68,1946,1212,54328,4479,82.45,1660,1068,42849,3776,88.12341011,286,189,11479,703,61.23,0,0,0,0,,,,,,
2016,PENNSYLVANIA,CRP,9541,6343,155703,18280,117.4,310,267,8427,418,49.57,9231,6168,147276,17862,121.28,9067,6048,146836,17838,121.4824702,164,153,440,24,55,0,0,0,0,,,,,,
2016,PUERTO RICO,CRP,15,15,807,54,66.86,10,10,341,26,76.23,5,5,466,28,60,0,0,0,0,0,5,5,466,28,60,0,0,0,0,,,,,,
2016,RHODE ISLAND,CRP,,,,,,,,,,,,,,,,,,,,0,,,,,,,,,,,,,,,
2016,SOUTH CAROLINA,CRP,3837,2220,79962,3215,40.2,1526,1115,49761,1689,33.93,2311,1268,30201,1526,50.53,0,0,0,0,0,2311,1268,30201,1526,50.53,0,0,0,0,,,,,,
2016,SOUTH DAKOTA,CRP,30498,14089,977434,82989,84.91,3757,2549,302733,15308,50.57,26741,12949,674701,67681,100.31,1001,613,79694,8540,107.1598866,21343,11211,493131,48024,97.39,4397,3122,101643,11117,109.37,,,,,
2016,TENNESSEE,CRP,5727,3843,139150,12456,89.52,3139,2459,103399,8725,84.38,2588,1805,35751,3732,104.38,0,0,0,0,0,2588,1805,35751,3732,104.38,0,0,0,0,,,,,,
2016,TEXAS,CRP,19961,14378,2988614,109945,36.79,17533,12772,2765015,100917,36.5,2428,1905,223598,9028,40.38,0,0,0,0,0,2428,1905,223598,9028,40.38,0,0,0,0,,,,,,
2016,UTAH,CRP,831,529,170856,5723,33.49,810,515,170472,5705,33.47,21,19,384,17,44.95,0,0,0,0,0,21,19,384,17,44.95,0,0,0,0,,,,,,
2016,VERMONT,CRP,416,302,2882,303,105.15,2,2,52,4,73.17,414,300,2829,299,105.74,393,292,2752,295,107.1947674,21,21,77,4,57.49,0,0,0,0,,,,,,
2016,VIRGINIA,CRP,5194,3978,51370,3273,63.71,976,809,21239,905,42.63,4218,3241,30131,2367,78.57,3589,2867,26072,2131,81.73519485,629,500,4059,236,58.15,0,0,0,0,,,,,,
2016,WASHINGTON,CRP,11248,5204,1223354,71561,58.5,6529,3360,1025885,56436,55.01,4719,2671,197469,15125,76.6,1190,980,14807,3181,214.8308233,3527,1789,182651,11943,65.39,2,2,11,1,110.54,,,,,
2016,WEST VIRGINIA,CRP,524,428,6564,517,78.77,8,7,325,13,40.53,516,423,6239,504,80.76,499,409,6114,498,81.45240432,17,15,125,6,48.98,0,0,0,0,,,,,,
2016,WISCONSIN,CRP,16372,10303,238305,27887,117.02,7132,5450,141080,13212,93.65,9240,5893,97225,14674,150.93,4806,3197,45002,6217,138.1494156,4423,3315,52141,8442,161.91,11,11,82,15,187.8,,,,,
2016,WYOMING,CRP,786,530,188337,5001,26.55,618,408,172240,4481,26.01,168,131,16098,520,32.33,0,0,0,0,0,168,131,16098,520,32.33,0,0,0,0,,,,,,
2017,U.S.,CRP,638723,358673,23433684,1797980,76.73,204184,143959,16015479,827442,51.67,434230,249824,7329153,968994,132.21,64057,43071,1059942,160111,151.0563786,354388,208960,5874222,752174,128.05,15785,12087,393796,56709,144.01,309,196,89052,1544,17.34
2017,ALABAMA,CRP,5709,4215,241960,10977,45.37,4142,3146,192503,8409,43.68,1567,1223,49456,2567,51.91,0,0,0,0,0,1564,1220,49443,2567,51.92,3,3,14,1,36.59,0,0,0,0,
2017,ALASKA,CRP,36,29,17423,612,35.14,31,24,16951,581,34.28,5,5,472,31,65.89,0,0,0,0,0,5,5,472,31,65.89,0,0,0,0,,0,0,0,0,
2017,ARIZONA,CRP,,,,,,,,,,,,,,,,,,,,0,,,,,,,,,,,,,,,
2017,ARKANSAS,CRP,5595,3197,230272,17316,75.2,1154,864,61671,3806,61.72,4441,2622,168601,13510,80.13,243,173,6734,683,101.4256014,4179,2475,159855,12657,79.18,19,13,2012,170,84.4,0,0,0,0,
2017,CALIFORNIA,CRP,251,192,74337,3291,44.28,222,167,73538,3236,44,29,28,799,56,69.83,2,2,110,14,127.2727273,27,26,689,42,61.3,0,0,0,0,,0,0,0,0,
2017,COLORADO,CRP,9889,5274,1779117,62535,35.15,8547,4692,1668492,55925,33.52,1315,788,97411,6411,65.82,220,154,30239,3744,123.8136182,1094,641,67012,2659,39.69,1,1,160,8,52.45,27,12,13214,198,15
2017,CONNECTICUT,CRP,5,5,49,3,70.77,4,4,47,3,70.88,1,1,1,0,67,0,0,0,0,0,1,1,1,0,67,0,0,0,0,,0,0,0,0,
2017,DELAWARE,CRP,376,220,4024,527,131.03,23,19,325,26,80.69,353,206,3699,501,135.45,327,201,3570,487,136.4145658,26,16,129,14,108.98,0,0,0,0,,0,0,0,0,
2017,FLORIDA,CRP,737,597,29841,1407,47.16,660,548,27334,1261,46.12,77,58,2507,147,58.47,0,0,0,0,0,77,58,2507,147,58.47,0,0,0,0,,0,0,0,0,
2017,GEORGIA,CRP,7232,4901,238538,14600,61.21,2661,1939,95352,5201,54.54,4571,3209,143186,9399,65.64,0,0,0,0,0,4571,3209,143186,9399,65.64,0,0,0,0,,0,0,0,0,
2017,HAWAII,CRP,23,16,1168,57,48.65,0,0,0,0,,23,16,1168,57,48.65,23,16,1168,57,48.80136986,0,0,0,0,,0,0,0,0,,0,0,0,0,
2017,IDAHO,CRP,3964,2257,561592,29757,52.99,2814,1710,401611,20222,50.35,1150,756,159981,9535,59.6,166,111,17252,2288,132.6223047,983,648,142723,7247,50.78,1,1,6,0,78.55,0,0,0,0,
2017,ILLINOIS,CRP,78903,43802,895410,161857,180.76,14858,11217,328335,39014,118.82,64045,37065,567074,122844,216.63,4460,3273,71571,17936,250.604295,59483,35003,493917,104485,211.54,102,94,1535,423,275.63,0,0,0,0,
2017,INDIANA,CRP,34729,19557,231299,38684,167.25,3758,3098,72737,7844,107.84,30970,17530,158546,30840,194.52,1260,946,12729,3152,247.6235368,29605,16904,144836,27538,190.14,105,96,979,150,152.87,1,1,17,1,37
2017,IOWA,CRP,109068,54616,1786530,360729,201.92,22451,16587,698008,94974,136.06,86607,46109,1088093,265739,244.22,126,116,3433,975,284.0081561,81416,44050,994400,241327,242.69,5065,4113,89517,23438,261.82,10,8,429,15,36.09
2017,KANSAS,CRP,37627,21786,2071634,89130,43.02,22768,15142,1814675,73753,40.64,14856,9039,255872,15359,60.03,102,74,18273,2240,122.585235,14639,8907,235545,13007,55.22,115,109,2054,113,54.79,3,3,1087,18,16.2
2017,KENTUCKY,CRP,13611,7279,248794,37830,152.05,2593,1935,83398,8894,106.65,11006,5914,164892,28921,175.39,3052,1572,97456,18352,188.3106222,7954,4382,67436,10569,156.72,0,0,0,0,,12,6,504,15,29.23
2017,LOUISIANA,CRP,4665,3022,287148,24786,86.32,1060,823,68172,3701,54.29,3605,2427,218976,21085,96.29,724,531,48193,3820,79.26462349,2836,1946,167227,16917,101.16,45,34,3556,348,97.79,0,0,0,0,
2017,MAINE,CRP,323,225,7744,363,46.86,171,126,5428,203,37.45,152,115,2316,160,68.92,0,0,0,0,0,152,115,2316,160,68.92,0,0,0,0,,0,0,0,0,
2017,MARYLAND,CRP,5315,3018,58239,10910,187.33,176,150,3848,304,79.07,5139,2958,54391,10606,194.99,4734,2841,52685,10426,197.8931385,405,311,1706,180,105.29,0,0,0,0,,0,0,0,0,
2017,MASSACHUSETTS,CRP,3,3,10,2,207.2,0,0,0,0,,3,3,10,2,207.2,0,0,0,0,0,3,3,10,2,207.2,0,0,0,0,,0,0,0,0,
2017,MICHIGAN,CRP,10104,5908,127157,16205,127.44,1934,1611,48892,4167,85.24,8170,4617,78265,12037,153.8,3995,2443,42831,6648,155.214681,4166,2681,35360,5382,152.2,9,9,74,8,108.89,0,0,0,0,
2017,MINNESOTA,CRP,55026,29023,1128141,121487,107.69,14417,10488,510086,35793,70.17,40608,22834,618045,85694,138.65,1489,1275,44641,5436,121.7714657,36358,21126,526215,73455,139.59,2761,2339,47167,6802,144.22,1,1,10,0,32
2017,MISSISSIPPI,CRP,16642,10731,699502,46436,66.38,7889,6082,421987,22355,52.98,8753,5952,277515,24081,86.77,30,27,1516,224,147.7572559,8634,5868,264763,22762,85.97,89,78,11236,1095,97.44,0,0,0,0,
2017,MISSOURI,CRP,29349,17464,965462,107085,110.92,14647,10617,703602,73076,103.86,14698,9253,261605,34002,129.97,914,662,28086,2811,100.0854518,13780,8743,233297,31165,133.59,4,3,222,25,113.39,4,4,255,7,29.33
2017,MONTANA,CRP,7938,3548,1364108,40244,29.5,6352,2989,1180621,34188,28.96,1579,763,177226,5962,33.64,121,54,11608,813,70.03790489,1451,709,165204,5134,31.08,7,5,321,15,46.92,7,4,6261,94,15
2017,NEBRASKA,CRP,21585,12720,800378,65352,81.65,7268,5160,515777,29504,57.2,14226,8999,259486,35411,136.47,2414,1818,60180,7331,121.8178797,11475,7526,195998,27588,140.76,337,297,3269,492,150.52,91,62,25115,437,17.38
2017,NEVADA,CRP,,,,,,1,1,146,1,10.16,0,0,0,0,,0,0,0,0,0,0,0,0,0,,0,0,0,0,,0,0,0,0,
2017,NEW HAMPSHIRE,CRP,,,,,,0,0,0,0,,1,1,4,0,63,0,0,0,0,0,1,1,4,0,63,0,0,0,0,,0,0,0,0,
2017,NEW JERSEY,CRP,342,214,2049,182,89.01,19,18,453,19,41.77,323,198,1596,163,102.42,242,153,774,111,143.4108527,81,61,822,52,63.29,0,0,0,0,,0,0,0,0,
2017,NEW MEXICO,CRP,2043,1303,446902,16425,36.75,1787,1167,394133,14790,37.53,232,171,43055,1489,34.59,0,0,0,0,0,232,171,43055,1489,34.59,0,0,0,0,,24,17,9715,146,15
2017,NEW YORK,CRP,2048,1514,34177,2864,83.8,592,480,15924,709,44.5,1456,1070,18252,2155,118.09,1166,838,14049,1934,137.6610435,290,248,4204,222,52.75,0,0,0,0,,0,0,0,0,
2017,NORTH CAROLINA,CRP,4759,3262,66666,4941,74.11,1731,1374,32875,1703,51.8,3027,1948,33724,3236,95.95,1304,947,16463,1890,114.8028913,1721,1149,17203,1340,77.91,2,1,58,6,99.53,1,1,67,2,32
2017,NORTH DAKOTA,CRP,23939,12394,1528685,72904,47.69,9396,6160,898089,32272,35.93,14515,7802,619759,40438,65.25,44,35,851,33,38.77790834,11582,6807,488477,29076,59.52,2889,1849,130430,11329,86.86,28,17,10838,193,17.84
2017,OHIO,CRP,36139,20130,257519,41626,161.64,3104,2615,66248,5901,89.07,33024,18505,190995,35719,187.01,15413,9817,120051,25605,213.2843541,17559,11414,70599,10066,142.59,52,53,338,47,139.44,11,8,275,7,25.01
2017,OKLAHOMA,CRP,5858,4035,685344,23349,34.07,5461,3775,668538,22673,33.91,391,329,15686,659,42.02,72,60,629,40,63.59300477,316,266,14888,609,40.9,3,3,169,11,62.99,6,2,1120,17,15
2017,OREGON,CRP,4047,2208,485809,30031,61.82,2148,1272,431677,25552,59.19,1899,1182,54132,4479,82.75,1618,1040,42089,3743,88.93059944,281,185,12043,737,61.17,0,0,0,0,,0,0,0,0,
2017,PENNSYLVANIA,CRP,9165,6104,150846,18271,121.12,287,247,7834,388,49.47,8877,5944,142959,17883,125.09,8769,5867,142777,17871,125.1672188,108,99,182,12,63.86,0,0,0,0,,1,1,53,1,17
2017,PUERTO RICO,CRP,17,17,1242,76,60.95,10,10,341,26,76.23,7,7,901,50,55.17,0,0,0,0,0,7,7,901,50,55.17,0,0,0,0,,0,0,0,0,
2017,RHODE ISLAND,CRP,,,,,,0,0,0,0,,1,1,28,2,74,0,0,0,0,0,1,1,28,2,74,0,0,0,0,,0,0,0,0,
2017,SOUTH CAROLINA,CRP,3586,2083,77101,3101,40.22,1466,1080,48176,1635,33.94,2120,1159,28925,1466,50.67,0,0,0,0,0,2120,1159,28925,1466,50.67,0,0,0,0,,0,0,0,0,
2017,SOUTH DAKOTA,CRP,29375,13693,976938,87542,89.61,3245,2242,266627,13747,51.56,26074,12646,695332,73479,105.67,1003,619,79554,8527,107.1850567,20908,10962,514958,52739,102.41,4163,2973,100587,12212,121.41,56,28,14979,316,21.08
2017,TENNESSEE,CRP,5544,3762,137748,12892,93.59,2920,2308,97271,8442,86.79,2621,1846,40151,4444,110.67,0,0,0,0,0,2621,1846,40151,4444,110.67,0,0,0,0,,3,3,326,6,16.94
2017,TEXAS,CRP,19272,14014,2896417,106566,36.79,16703,12341,2643927,96441,36.48,2551,2015,249352,10077,40.41,0,0,0,0,0,2551,2015,249352,10077,40.41,0,0,0,0,,18,14,3138,47,15
2017,UTAH,CRP,784,511,165019,5558,33.68,773,501,164718,5545,33.66,11,13,300,13,44.5,0,0,0,0,0,11,13,300,13,44.5,0,0,0,0,,0,0,0,0,
2017,VERMONT,CRP,400,291,2720,301,110.6,2,2,52,4,73.17,398,289,2668,297,111.33,380,284,2594,293,112.9529684,18,18,74,4,57.84,0,0,0,0,,0,0,0,0,
2017,VIRGINIA,CRP,4678,3582,44736,2948,65.9,775,652,17423,747,42.86,3903,2977,27313,2201,80.6,3313,2631,23758,1994,83.92962371,590,471,3555,208,58.45,0,0,0,0,,0,0,0,0,
2017,WASHINGTON,CRP,10982,5079,1195638,71502,59.8,6092,3158,967228,53659,55.48,4890,2770,228410,17844,78.12,1177,973,14307,3531,246.8022646,3711,1903,214093,14311,66.85,2,2,10,1,110.54,0,0,0,0,
2017,WEST VIRGINIA,CRP,518,427,6357,520,81.82,5,5,189,7,36.23,513,422,6168,513,83.21,506,416,6143,512,83.34689891,7,7,25,1,42.77,0,0,0,0,,0,0,0,0,
2017,WISCONSIN,CRP,15743,9928,231278,29164,126.1,6439,5003,127201,12235,96.19,9302,5928,104032,16928,162.72,4648,3102,43630,6592,151.0887004,4643,3473,60320,10320,171.09,11,11,82,15,187.71,2,2,45,1,25.77
2017,WYOMING,CRP,776,514,190440,5030,26.41,628,410,173019,4505,26.04,145,111,15817,502,31.72,0,0,0,0,0,145,111,15817,502,31.72,0,0,0,0,,3,2,1604,24,15
2018,U.S.,CRP,626242,349490,22609724,1844818,81.59,178823,127738,13980239,729033,52.15,445002,254064,8089379,1106643,136.8,59917,40306,989474,157235,158.9076621,369536,215944,6699210,888762,132.67,15549,11890,399610,60645,151.76,2417,1534,540106,9142,16.93
2018,ALABAMA,CRP,5222,3872,212731,9841,46.26,3715,2840,163352,7343,44.95,1480,1160,47633,2467,51.8,0,0,0,0,0,1477,1157,47619,2467,51.81,3,3,14,1,36.59,27,18,1746,31,17.51
2018,ALASKA,CRP,14,13,2704,103,38.09,10,9,2514,90,35.89,4,4,191,13,67.19,0,0,0,0,0,4,4,191,13,67.19,0,0,0,0,,0,0,0,0,
2018,ARIZONA,CRP,,,,,,,,,,,,,,,,,,,,0,,,,,,,,,,,,,,,
2018,ARKANSAS,CRP,5546,3176,230624,17889,77.57,1082,816,56640,3553,62.72,4464,2644,173985,14337,82.4,88,69,3318,342,103.074141,4357,2587,168654,13825,81.97,19,13,2012,170,84.4,0,0,0,0,
2018,CALIFORNIA,CRP,171,132,42788,2256,52.72,143,107,39729,2173,54.69,23,22,1624,61,37.45,0,0,0,0,0,23,22,1624,61,37.45,0,0,0,0,,5,5,1435,22,15.67
2018,COLORADO,CRP,10026,5300,1813766,63938,35.25,8437,4632,1634981,54907,33.58,1455,872,133451,8351,62.57,243,172,33078,4235,128.0307153,1211,711,100213,4108,40.99,1,1,160,8,52.45,134,80,45334,680,15
2018,CONNECTICUT,CRP,3,3,25,2,75.57,2,2,24,2,76.07,1,1,1,0,67,0,0,0,0,0,1,1,1,0,67,0,0,0,0,,0,0,0,0,
2018,DELAWARE,CRP,354,212,3808,521,136.68,15,13,224,18,79.72,339,201,3584,503,140.24,314,197,3457,489,141.4521261,25,15,127,14,109.19,0,0,0,0,,0,0,0,0,
2018,FLORIDA,CRP,646,531,25322,1219,48.14,559,475,22233,1056,47.49,80,61,2711,156,57.38,0,0,0,0,0,80,61,2711,156,57.38,0,0,0,0,,7,5,378,7,19.78
2018,GEORGIA,CRP,7018,4779,231618,14520,62.69,2405,1779,85028,4744,55.79,4587,3225,145312,9748,67.08,0,0,0,0,0,4587,3225,145312,9748,67.08,0,0,0,0,,26,22,1278,28,22.04
2018,HAWAII,CRP,25,17,1175,57,48.64,0,0,0,0,,25,17,1175,57,48.64,25,17,1175,57,48.5106383,0,0,0,0,,0,0,0,0,,0,0,0,0,
2018,IDAHO,CRP,3601,2029,539057,28631,53.11,2317,1423,330604,17336,52.44,1282,824,191496,11040,57.65,180,118,18195,2427,133.3882935,1101,709,173296,8612,49.7,1,1,6,0,78.55,2,2,16957,254,15
2018,ILLINOIS,CRP,78428,43449,878751,169359,192.73,12779,9786,267992,33835,126.25,65637,37886,610297,135510,222.04,4261,3145,65914,17055,258.7462451,61270,35941,542626,117980,217.43,106,98,1744,474,272.14,12,8,462,15,31.72
2018,INDIANA,CRP,34196,19147,225322,40952,181.75,2876,2420,51359,5958,116.02,31316,17649,173896,34991,201.22,1430,1079,15069,3931,260.8666799,29779,16949,157812,30897,195.78,107,98,1014,163,160.39,4,4,67,3,38.61
2018,IOWA,CRP,109850,54707,1800061,392236,217.9,19156,14372,532838,77864,146.13,90640,48006,1264482,314273,248.54,124,113,3393,974,287.0615974,85493,45999,1168749,287727,246.18,5023,4108,91597,25572,279.18,54,43,2741,100,36.35
2018,KANSAS,CRP,36662,21247,2007896,88056,43.86,21418,14352,1682445,69024,41.03,15183,9274,316573,18893,59.68,112,79,19744,2472,125.2025932,14948,9135,294610,16293,55.3,123,113,2219,128,57.73,61,46,8877,140,15.72
2018,KENTUCKY,CRP,13438,7059,242897,38411,158.14,2278,1712,70573,7827,110.91,11083,5860,169218,30505,180.27,2919,1515,94294,17915,189.9908796,8164,4389,74924,12590,168.04,0,0,0,0,,77,45,3105,79,25.38
2018,LOUISIANA,CRP,4598,2981,282678,24804,87.75,972,768,61365,3441,56.07,3618,2422,219932,21337,97.01,722,530,48052,3809,79.26829268,2851,1946,168323,17180,102.06,45,34,3556,348,97.79,8,6,1382,26,19.14
2018,MAINE,CRP,254,175,5652,266,47.11,116,86,3393,110,32.42,138,103,2259,156,69.17,0,0,0,0,0,138,103,2259,156,69.17,0,0,0,0,,0,0,0,0,
2018,MARYLAND,CRP,5026,2859,53591,11067,206.51,112,97,1975,166,84.21,4904,2823,50722,10867,214.24,4522,2708,49043,10690,217.9719838,382,302,1679,177,105.22,0,0,0,0,,10,10,894,34,37.72
2018,MASSACHUSETTS,CRP,3,3,10,2,207.2,0,0,0,0,,3,3,10,2,207.2,0,0,0,0,0,3,3,10,2,207.2,0,0,0,0,,0,0,0,0,
2018,MICHIGAN,CRP,9390,5466,119974,15482,129.04,1628,1363,40158,3514,87.5,7689,4351,73662,11871,161.15,3201,2022,33141,5360,161.7332006,4480,2830,40451,6503,160.77,8,8,70,8,108.29,73,40,6154,97,15.8
2018,MINNESOTA,CRP,57718,29940,1137162,134567,118.34,13594,9889,474285,33229,70.06,44082,24230,660942,101297,153.26,485,429,11589,2342,202.0881871,41067,23245,605826,92142,152.09,2530,2154,43503,6813,156.6,42,33,1936,41,21.3
2018,MISSISSIPPI,CRP,15080,9853,612211,44501,72.69,6376,5086,326040,17947,55.04,8696,5923,285631,26546,92.94,61,53,2725,387,142.0183486,8546,5823,271555,25052,92.25,89,78,11350,1108,97.57,8,8,540,8,15
2018,MISSOURI,CRP,27687,16527,875629,102585,117.16,12925,9515,589209,64023,108.66,14729,9272,284665,38515,135.3,860,622,25915,2612,100.7910477,13865,8795,258529,35878,138.78,4,3,222,25,113.39,33,28,1755,47,26.52
2018,MONTANA,CRP,6550,2972,1114903,34453,30.9,4717,2338,869833,25955,29.84,1679,840,207098,7928,38.28,129,57,12846,866,67.41398101,1544,783,193864,7048,36.36,6,5,294,14,47.78,154,46,37973,570,15
2018,NEBRASKA,CRP,21347,12439,915920,71952,78.56,6351,4516,466500,25961,55.65,14378,9093,301474,43346,143.78,1885,1452,55957,7078,126.4899834,12192,7937,242531,35778,147.52,301,267,2948,490,166.08,618,386,147945,2646,17.88
2018,NEVADA,CRP,1,1,146,1,10.16,1,1,146,1,10.16,0,0,0,0,,0,0,0,0,0,0,0,0,0,,0,0,0,0,,0,0,0,0,
2018,NEW HAMPSHIRE,CRP,1,1,4,0,63,0,0,0,0,,1,1,4,0,63,0,0,0,0,0,1,1,4,0,63,0,0,0,0,,0,0,0,0,
2018,NEW JERSEY,CRP,342,211,1914,177,92.72,5,5,108,4,32.94,335,206,1771,173,97.89,250,155,769,112,145.6436931,85,67,1003,61,60.88,0,0,0,0,,2,1,35,1,15
2018,NEW MEXICO,CRP,1682,1089,408802,13535,33.11,1240,864,273523,10344,37.82,293,213,60858,2075,34.09,0,0,0,0,0,293,213,60858,2075,34.09,0,0,0,0,,149,104,74422,1116,15
2018,NEW YORK,CRP,1700,1240,27004,2462,91.19,296,245,7587,348,45.81,1372,1001,18064,2087,115.52,1150,828,13896,1852,133.2757628,222,190,4168,235,56.3,0,0,0,0,,32,28,1352,28,20.65
2018,NORTH CAROLINA,CRP,4104,2882,58862,4343,73.78,1575,1249,29497,1555,52.71,2511,1671,28818,2778,96.4,1001,764,12766,1486,116.4029453,1508,1029,15994,1287,80.45,2,1,58,6,99.53,18,13,548,10,18.34
2018,NORTH DAKOTA,CRP,21374,11062,1306272,67747,51.86,6720,4591,615460,23144,37.6,14568,7776,668531,44224,66.15,16,13,294,13,44.21768707,11625,6800,532437,32158,60.4,2927,1856,135800,12053,88.76,86,55,22281,379,17.02
2018,OHIO,CRP,36042,19937,247530,42937,173.46,2106,1801,41692,3916,93.93,33858,18894,202866,38960,192.05,15768,10004,121570,26647,219.1905898,18038,11653,80950,12266,151.52,52,53,338,48,140.99,78,62,2972,60,20.35
2018,OKLAHOMA,CRP,5467,3810,633862,21381,33.73,5021,3524,598838,20448,34.15,362,306,14889,628,42.19,71,59,625,39,62.4,288,244,14095,578,41.01,3,3,169,11,62.99,84,56,20134,305,15.14
2018,OREGON,CRP,3773,2088,444346,28149,63.35,1810,1110,354536,22051,62.2,1936,1197,73390,5851,79.73,1644,1050,43518,3918,90.03171102,292,196,29872,1933,64.72,0,0,0,0,,27,20,16420,247,15.02
2018,PENNSYLVANIA,CRP,8499,5663,140950,17970,127.49,85,78,2325,114,48.87,8401,5610,138175,17849,129.18,8330,5559,138066,17842,129.2280504,71,66,110,7,65.99,0,0,0,0,,13,13,449,8,17.42
2018,PUERTO RICO,CRP,14,14,1075,66,61.68,7,7,174,17,95.4,7,7,901,50,55.17,0,0,0,0,0,7,7,901,50,55.17,0,0,0,0,,0,0,0,0,
2018,RHODE ISLAND,CRP,1,1,28,2,74,0,0,0,0,,1,1,28,2,74,0,0,0,0,0,1,1,28,2,74,0,0,0,0,,0,0,0,0,
2018,SOUTH CAROLINA,CRP,3014,1749,62400,2542,40.74,1028,783,33959,1111,32.72,1983,1096,28340,1429,50.42,0,0,0,0,0,1983,1096,28340,1429,50.42,0,0,0,0,,3,2,101,2,22.11
2018,SOUTH DAKOTA,CRP,30563,13949,1109470,101060,91.09,3039,2107,250146,12924,51.67,27172,12938,775248,86528,111.61,1007,615,79486,8521,107.2012681,21979,11278,593154,64817,109.27,4186,2980,102444,13191,128.76,352,167,84076,1607,19.12
2018,TENNESSEE,CRP,5350,3640,132098,12657,95.82,2699,2140,86675,7769,89.63,2622,1843,42523,4844,113.92,0,0,0,0,0,2622,1843,42523,4844,113.92,0,0,0,0,,29,25,2899,44,15.27
2018,TEXAS,CRP,18918,13804,2827975,104454,36.94,15795,12032,2506723,91879,36.65,3043,2082,303403,12308,40.57,0,0,0,0,0,3043,2082,303403,12308,40.57,0,0,0,0,,80,70,17848,268,15
2018,UTAH,CRP,782,514,161859,5450,33.67,763,498,160877,5427,33.74,9,11,274,12,44.45,0,0,0,0,0,9,11,274,12,44.45,0,0,0,0,,10,9,708,11,15
2018,VERMONT,CRP,393,285,2605,296,113.71,1,1,7,0,64,392,284,2597,296,113.85,375,280,2529,292,115.4606564,17,17,68,4,57.17,0,0,0,0,,0,0,0,0,
2018,VIRGINIA,CRP,4227,3251,37828,2597,68.65,535,463,11553,488,42.2,3677,2816,25654,2100,81.86,3065,2462,21461,1819,84.75839896,612,474,4193,281,67.07,0,0,0,0,,15,11,621,9,15.19
2018,WASHINGTON,CRP,11014,5085,1205740,72423,60.07,6071,3154,961649,53366,55.49,4933,2786,241062,19011,78.86,1175,970,14207,3781,266.1364116,3756,1923,226844,15229,67.14,2,2,10,1,110.54,10,5,3029,45,15
2018,WEST VIRGINIA,CRP,529,435,7885,519,65.8,1,1,58,2,35.29,500,417,5828,487,83.51,497,415,5823,487,83.6338657,3,3,5,0,39.73,0,0,0,0,,28,20,1998,30,15
2018,WISCONSIN,CRP,14836,9389,219661,31321,142.59,5417,4278,99337,9573,96.37,9390,6050,119407,21728,181.97,4007,2755,37560,7386,196.6453674,5372,3986,81765,14327,175.22,11,11,82,15,187.68,29,27,916,20,21.72
2018,WYOMING,CRP,763,502,195134,5058,25.92,625,410,172073,4479,26.03,121,92,14724,454,30.8,0,0,0,0,0,121,92,14724,454,30.8,0,0,0,0,,17,11,8337,125,15
2019,U.S.,CRP,604317,340109,22325377,1815425,81.32,168072,120836,13450110,698937,51.97,432917,248599,7954716,1104044,138.79,56603,38319,940775,152895,162.5202625,361148,340109,6618248,889748,134.44,15166,11656,395694,61402,155.17,3238,2071,920550,12444,13.52
2019,ALABAMA,CRP,4863,3641,200039,9193,45.95,3483,2679,153924,6901,44.84,1348,1067,43849,2255,51.42,0,0,0,0,0,1345,3641,43836,2254,51.42,3,3,14,1,36.59,32,22,2266,36,16.04
2019,ALASKA,CRP,14,13,2704,103,38.09,10,9,2514,90,35.89,4,4,190,13,67.19,0,0,0,0,0,4,13,190,13,67.19,0,0,0,0,,,,,,
2019,ARIZONA,CRP,,,,,,,,,,,,,,,,,,,,0,,,,,,,,,,,,,,,
2019,ARKANSAS,CRP,5258,3049,219862,17092,77.74,892,694,47738,3051,63.9,4365,2572,172064,14040,81.6,27,21,977,103,105.4247697,4319,3049,169075,13768,81.43,19,13,2012,170,84.4,1,1,60,1,15
2019,CALIFORNIA,CRP,172,129,42735,2253,52.71,147,107,39725,2172,54.69,20,19,1576,58,36.75,0,0,0,0,0,20,129,1576,58,36.75,0,0,0,0,,5,5,1435,22,15.67
2019,COLORADO,CRP,9967,5338,1838914,63750,34.67,8405,4662,1624378,54535,33.57,1375,848,132251,8365,63.25,245,174,33585,4324,128.747953,1129,5338,98506,4032,40.93,1,1,160,8,52.45,187,103,82286,850,10.34
2019,CONNECTICUT,CRP,,,,,,1,1,3,1,155.33,1,1,1,0,67,0,0,0,0,0,1,2,1,0,67,0,0,0,0,,,,,,
2019,DELAWARE,CRP,319,191,3669,507,138.28,14,12,276,18,65.9,305,181,3393,489,144.17,283,178,3273,476,145.4323251,22,191,120,13,109.81,0,0,0,0,,,,,,
2019,FLORIDA,CRP,564,467,23047,1114,48.33,483,414,20242,964,47.6,74,57,2427,143,58.82,0,0,0,0,0,74,467,2427,143,58.82,0,0,0,0,,7,5,378,7,19.78
2019,GEORGIA,CRP,6371,4404,209794,13449,64.1,1948,1470,69311,4030,58.14,4395,3110,139128,9389,67.48,0,0,0,0,0,4395,4404,139128,9389,67.48,0,0,0,0,,28,25,1354,30,22.21
2019,HAWAII,CRP,27,18,1261,61,48.59,0,0,0,0,,27,18,1261,61,48.59,27,18,1261,61,48.37430611,0,18,0,0,,0,0,0,0,,,,,,
2019,IDAHO,CRP,3575,2019,540340,28450,52.65,2306,1422,325746,17144,52.63,1265,808,190810,11009,57.7,185,122,18408,2460,133.6375489,1079,2019,172397,8548,49.58,1,1,6,0,78.55,4,4,23784,297,12.51
2019,ILLINOIS,CRP,76525,42765,853696,167235,195.89,12047,9294,253826,32533,128.17,64466,37471,599409,134687,224.7,4236,3128,65221,16939,259.7169623,60122,42765,532367,117244,220.23,108,99,1821,504,276.78,12,8,462,15,31.72
2019,INDIANA,CRP,33332,18772,218708,40692,186.06,2561,2172,46575,5540,118.94,30765,17422,172030,35148,204.32,1646,1248,17485,4643,265.5418931,29021,18772,153642,30353,197.56,98,89,903,153,168.98,6,5,103,4,37.06
2019,IOWA,CRP,107313,54010,1745860,387448,221.92,17801,13488,492471,73179,148.6,89449,47707,1250270,314152,251.27,123,117,3458,1017,294.1006362,84355,54010,1154317,286808,248.47,4971,4094,92494,26326,284.63,63,52,3120,117,37.35
2019,KANSAS,CRP,34822,20503,1940822,85629,44.12,20061,13682,1595224,65336,40.96,14639,9023,320317,20017,62.49,126,93,22791,2956,129.7003203,14390,20503,295304,16933,57.34,123,113,2222,129,58,122,88,25282,275,10.88
2019,KENTUCKY,CRP,12346,6490,208069,32934,158.28,2117,1598,63248,7269,114.93,10146,5363,141302,25576,181,2119,1087,68537,13168,192.1297985,8027,6490,72765,12408,170.52,0,0,0,0,,83,48,3519,88,25.14
2019,LOUISIANA,CRP,4463,2921,275628,25069,90.95,619,506,40307,2237,55.49,3836,2548,233939,22806,97.49,723,535,47811,3794,79.35412353,3068,2921,182572,18664,102.23,45,34,3556,348,97.79,8,6,1382,26,19.14
2019,MAINE,CRP,243,170,5641,265,47.03,116,86,3393,110,32.42,127,98,2248,155,69.08,0,0,0,0,0,127,170,2248,155,69.08,0,0,0,0,,,,,,
2019,MARYLAND,CRP,4834,2770,50449,10899,216.04,102,89,1656,147,88.46,4721,2738,47864,10718,223.93,4382,2637,46499,10573,227.381234,339,2770,1365,145,106.43,0,0,0,0,,11,11,929,35,37.2
2019,MASSACHUSETTS,CRP,6,3,20,3,153.65,0,0,0,0,,6,3,20,3,153.65,0,0,0,0,0,6,3,20,3,153.65,0,0,0,0,,,,,,
2019,MICHIGAN,CRP,9384,5508,121131,15846,130.82,1444,1209,34660,3081,88.9,7862,4542,80111,12664,158.07,3037,1954,31578,5129,162.423206,4818,5508,48464,7527,155.32,7,7,69,7,108.46,78,44,6360,101,15.96
2019,MINNESOTA,CRP,55415,29185,1058581,134107,126.69,11257,8419,383786,27655,72.06,44108,24321,672291,106396,158.26,619,549,16844,4269,253.4433626,41133,29185,614441,95386,155.24,2356,2013,41006,6741,164.39,50,41,2505,55,21.95
2019,MISSISSIPPI,CRP,14556,9609,597837,44647,74.68,6133,4916,314447,17390,55.3,8413,5704,282813,27249,96.35,83,68,3354,474,141.3237925,8240,9609,268080,25664,95.73,90,79,11379,1110,97.58,10,10,577,8,14.66
2019,MISSOURI,CRP,26619,16069,838540,99818,119.04,12409,9216,559141,61834,110.59,14172,8983,277407,37933,136.74,820,589,24771,2511,101.3685358,13348,16069,252415,35396,140.23,4,3,222,25,113.39,38,32,1992,51,25.8
2019,MONTANA,CRP,6233,2847,1059941,32448,30.61,4417,2227,812077,24162,29.75,1629,818,199562,7671,38.44,124,53,12415,832,67.01570681,1499,2847,186853,6825,36.52,6,5,294,14,47.77,187,50,48303,615,12.74
2019,NEBRASKA,CRP,20134,11933,1064143,71773,67.45,5891,4254,441576,24579,55.66,13254,8548,288703,42747,148.07,1237,1017,49708,6644,133.6605778,11717,11933,235924,35590,150.85,300,267,3070,513,167.06,989,616,333864,4447,13.32
2019,NEVADA,CRP,,,,,,1,1,146,1,10.16,0,0,0,0,,0,0,0,0,0,0,1,0,0,,0,0,0,0,,,,,,
2019,NEW HAMPSHIRE,CRP,,,,,,0,0,0,0,,1,1,4,0,63,0,0,0,0,0,1,1,4,0,63,0,0,0,0,,,,,,
2019,NEW JERSEY,CRP,337,203,1947,174,89.48,2,2,54,2,31.74,331,201,1740,170,97.5,247,152,738,109,147.696477,84,203,1002,61,60.87,0,0,0,0,,4,3,154,3,18.87
2019,NEW MEXICO,CRP,1673,1081,427191,13523,31.66,1233,857,272456,10303,37.82,277,205,60099,2044,34.02,0,0,0,0,0,277,1081,60099,2044,34.02,0,0,0,0,,163,113,94636,1176,12.42
2019,NEW YORK,CRP,1575,1136,24568,2282,92.9,237,189,5587,270,48.3,1299,944,17352,1979,114.07,1110,799,13457,1761,130.8612618,189,1136,3894,219,56.13,0,0,0,0,,39,34,1629,33,20.32
2019,NORTH CAROLINA,CRP,3457,2476,50293,3652,72.61,1377,1124,26081,1379,52.88,2062,1379,23665,2262,95.6,717,551,8922,1063,119.1436898,1343,2476,14685,1194,81.31,2,1,58,6,99.53,18,13,548,10,18.34
2019,NORTH DAKOTA,CRP,20865,10897,1295115,67299,51.96,6661,4574,608212,22910,37.67,14104,7595,661466,43961,66.46,13,11,467,26,55.6745182,11196,10897,525499,31845,60.6,2895,1848,135501,12090,89.23,100,64,25437,428,16.83
2019,OHIO,CRP,35179,19541,242294,42500,175.41,1891,1642,38425,3655,95.11,33173,18567,199641,38762,194.16,15689,9970,121069,26720,220.7005922,17432,19541,78235,11994,153.31,52,53,337,48,141.63,115,91,4228,84,19.77
2019,OKLAHOMA,CRP,5473,3827,641710,21244,33.1,4978,3510,592340,20217,34.13,345,294,14548,611,42.03,69,58,612,39,63.7254902,273,3827,13767,562,40.84,3,3,169,11,62.99,150,107,34822,416,11.94
2019,OREGON,CRP,3688,2053,441807,28036,63.46,1814,1108,353199,21966,62.19,1844,1159,71532,5814,81.28,1652,1057,46457,4141,89.13619046,192,2053,25074,1673,66.73,0,0,0,0,,30,23,17076,256,14.98
2019,PENNSYLVANIA,CRP,7788,5206,127113,16583,130.46,45,41,875,40,45.43,7729,5175,125696,16533,131.53,7697,5149,125654,16530,131.5517214,32,5206,42,3,74.32,0,0,0,0,,14,14,542,11,19.5
2019,PUERTO RICO,CRP,5,5,515,27,51.55,2,2,20,1,60,3,3,495,25,51.21,0,0,0,0,0,3,5,495,25,51.21,0,0,0,0,,,,,,
2019,RHODE ISLAND,CRP,,,,,,0,0,0,0,,1,1,28,2,74,0,0,0,0,0,1,1,28,2,74,0,0,0,0,,,,,,
2019,SOUTH CAROLINA,CRP,2735,1593,58346,2367,40.56,925,707,31560,1026,32.51,1807,1000,26684,1338,50.16,0,0,0,0,0,1807,1593,26684,1338,50.16,0,0,0,0,,3,2,101,2,22.11
2019,SOUTH DAKOTA,CRP,29226,13603,1142968,101398,88.71,3005,2084,247927,12792,51.59,25720,12543,759388,86363,113.73,1007,615,79484,8520,107.1913844,20646,13603,579634,64667,111.56,4067,2915,100269,13176,131.4,501,221,135653,2243,16.54
2019,TENNESSEE,CRP,5226,3568,128262,12325,96.09,2677,2104,84492,7615,90.13,2512,1773,40470,4661,115.17,0,0,0,0,0,2512,3568,40470,4661,115.17,0,0,0,0,,37,32,3300,48,14.6
2019,TEXAS,CRP,18885,13659,2811584,103506,36.81,15878,11980,2485328,91145,36.67,2913,1969,295939,12021,40.62,0,0,0,0,0,2913,13659,295939,12021,40.62,0,0,0,0,,94,77,30317,339,11.19
2019,UTAH,CRP,779,513,161568,5436,33.65,761,499,160428,5414,33.75,7,9,258,11,43.2,0,0,0,0,0,7,513,258,11,43.2,0,0,0,0,,11,10,882,11,13.03
2019,VERMONT,CRP,370,271,2413,276,114.34,1,1,7,0,64,369,270,2406,275,114.5,354,266,2347,272,115.8926289,15,271,58,3,57.11,0,0,0,0,,,,,,
2019,VIRGINIA,CRP,3747,2900,34733,2358,67.88,503,435,10763,452,42.02,3219,2484,22899,1890,82.53,2686,2165,19073,1630,85.46112305,533,2900,3827,260,67.98,0,0,0,0,,25,18,1070,16,14.51
2019,WASHINGTON,CRP,10928,5074,1191687,71520,60.02,6047,3163,947150,52633,55.57,4867,2756,239410,18831,78.66,1167,967,13932,3710,266.2934252,3698,5074,225468,15120,67.06,2,2,10,1,110.54,14,7,5126,56,10.84
2019,WEST VIRGINIA,CRP,501,413,7800,502,64.41,1,1,58,2,35.29,470,394,5602,469,83.77,468,392,5597,469,83.79489012,2,413,5,0,38,0,0,0,0,,30,21,2140,31,14.54
2019,WISCONSIN,CRP,13768,8775,205268,30602,149.08,4744,3781,87877,8707,99.08,8993,5828,116530,21875,187.72,3685,2579,34989,7532,215.2676555,5295,8775,81420,14322,175.9,13,13,122,21,169.97,31,28,860,20,23.59
2019,WYOMING,CRP,752,486,206581,5029,24.34,625,405,170880,4448,26.03,99,75,13630,402,29.51,0,0,0,0,0,99,486,13630,402,29.51,0,0,0,0,,28,17,22071,178,8.08
2020,U.S.,CRP,589574,334211,21924755,1795204,81.88,,,,,,422205,243981,7827305,1098361,140.32,55207,37575,925694,154771,167.1945589,352242,208276,6510092,882283,135.53,14830,11448,391519,61505,157.09,3313,2068,916974,12388,13.51
2020,ALABAMA,CRP,4724,3548,194707,8910,45.76,3415,2633,150773,6738,44.69,1279,1019,41904,2138,51.03,,,,,0,1276,1016,41890,2138,51.04,3,3,14,1,36.59,30,21,2031,33,16.39
2020,ALASKA,CRP,12,11,2549,98,38.34,8,7,2358,85,36.01,4,4,190,13,67.19,,,,,0,4,4,190,13,67.19,,,,,,,,,,
2020,ARIZONA,CRP,,,,,,,,,,,,,,,,,,,,0,,,,,,,,,,,,,,,
2020,ARKANSAS,CRP,5127,3013,215237,16781,77.96,883,696,46609,2991,64.18,4243,2530,168568,13789,81.8,12,10,483,56,115.942029,4212,2513,166073,13563,81.67,19,13,2012,170,84.4,1,1,60,1,15
2020,CALIFORNIA,CRP,159,118,42426,2233,52.64,147,108,39723,2172,54.69,7,7,1267,38,30.25,,,,,0,7,7,1267,38,30.25,,,,,,5,5,1435,22,15.67
2020,COLORADO,CRP,9876,5402,1830455,63820,34.87,8386,4740,1615009,54230,33.58,1303,823,133161,8740,65.63,256,186,35770,4742,132.5691921,1046,649,97230,3990,41.03,1,1,160,8,52.45,187,108,82286,850,10.34
2020,CONNECTICUT,CRP,,,,,,,,,,,1,1,1,0,67,,,,,0,1,1,1,0,67,,,,,,,,,,
2020,DELAWARE,CRP,298,180,3570,502,140.69,13,11,273,18,65.84,285,171,3297,484,146.88,263,167,3177,471,148.2530689,22,15,120,13,109.83,,,,,,,,,,
2020,FLORIDA,CRP,519,433,20067,965,48.08,438,378,17268,815,47.2,74,58,2422,142,58.73,,,,,0,74,58,2422,142,58.73,,,,,,7,5,378,7,19.78
2020,GEORGIA,CRP,6288,4346,206674,13263,64.17,1920,1453,67802,3942,58.14,4339,3063,137437,9290,67.59,,,,,0,4339,3063,137437,9290,67.59,,,,,,29,26,1435,31,21.75
2020,HAWAII,CRP,31,20,1280,62,48.58,,,,,,31,20,1280,62,48.58,31,20,1280,62,48.4375,,,,,,,,,,,,,,,
2020,IDAHO,CRP,3522,2008,534443,28209,52.78,2285,1429,322632,17033,52.79,1233,789,188028,10878,57.85,188,123,18412,2462,133.717141,1044,669,169610,8416,49.62,1,1,6,0,78.55,4,4,23784,297,12.51
2020,ILLINOIS,CRP,75201,42474,841743,166042,197.26,11805,9152,247453,31957,129.14,63384,37219,593828,134070,225.77,4236,3128,65060,16906,259.8524439,59044,35238,526949,116663,221.39,105,96,1818,506,278.11,12,8,462,15,31.72
2020,INDIANA,CRP,32097,18261,213638,40177,188.06,2494,2128,45006,5400,119.99,29597,16925,168530,34772,206.33,1869,1420,19807,5229,263.9975766,27643,16013,147970,29405,198.72,85,78,752,139,184.46,6,5,103,4,37.06
2020,IOWA,CRP,105159,53577,1705188,382480,224.3,17031,13059,466845,70158,150.28,88065,47457,1235223,312206,252.75,125,122,3662,1125,307.2091753,82989,45449,1137520,284411,250.03,5012,4137,94041,26857,285.59,63,52,3120,117,37.35
2020,KANSAS,CRP,33609,20018,1896004,83718,44.16,19620,13512,1555918,63704,40.94,13868,8625,314963,19741,62.68,128,91,23146,3023,130.6057202,13622,8477,289703,16594,57.28,118,111,2114,124,58.62,121,87,25124,273,10.88
2020,KENTUCKY,CRP,11905,6252,197865,31586,159.63,2067,1564,60853,7074,116.24,9757,5145,133562,24426,182.88,1899,961,63172,12270,194.2316216,7858,4213,70390,12155,172.69,,,,,,81,47,3450,86,25.07
2020,LOUISIANA,CRP,4439,2920,272117,24895,91.49,592,487,38644,2149,55.6,3839,2557,232090,22720,97.89,728,539,47802,3794,79.36906406,3066,2083,180733,18578,102.8,45,34,3556,348,97.79,8,6,1382,26,19.14
2020,MAINE,CRP,238,163,5638,265,47.01,116,86,3393,110,32.42,122,94,2245,155,69.06,,,,,0,122,94,2245,155,69.06,,,,,,,,,,
2020,MARYLAND,CRP,4714,2741,48592,10721,220.62,87,79,1285,112,87.26,4616,2711,46378,10574,227.99,4315,2619,45195,10449,231.1981414,301,253,1183,125,105.68,,,,,,11,11,929,35,37.2
2020,MASSACHUSETTS,CRP,3,3,10,1,101,,,,,,3,3,10,1,101,,,,,0,3,3,10,1,101,,,,,,,,,,
2020,MICHIGAN,CRP,8819,5226,115247,15213,132,1360,1143,32749,2937,89.68,7382,4308,76202,12175,159.77,2779,1819,29309,4833,164.8981542,4597,2966,46829,7335,156.64,6,6,64,6,99.92,77,46,6296,101,16.04
2020,MINNESOTA,CRP,54522,28871,1025150,136545,133.19,10191,7785,326734,24727,75.68,44281,24459,695912,111763,160.6,818,714,27585,7587,275.040783,41257,23359,629240,97632,155.16,2207,1894,39087,6546,167.47,50,41,2505,55,21.95
2020,MISSISSIPPI,CRP,14199,9382,589310,44304,75.18,6084,4870,311537,17265,55.42,8105,5504,277196,27031,97.52,96,79,4024,558,138.667992,7918,5389,261794,25363,96.88,91,79,11379,1110,97.58,10,10,577,8,14.66
2020,MISSOURI,CRP,25970,15776,825770,98645,119.46,12280,9174,552538,61289,110.92,13654,8687,271456,37311,137.45,809,582,24514,2489,101.5338174,12841,8242,246720,34796,141.04,4,3,222,25,113.39,36,30,1776,46,25.93
2020,MONTANA,CRP,5996,2743,1019923,31236,30.63,4235,2140,778771,23195,29.78,1574,788,192849,7425,38.5,118,52,11925,765,64.1509434,1452,735,180618,6649,36.81,7,7,306,14,46.71,187,50,48303,615,12.74
2020,NEBRASKA,CRP,19405,11548,1054081,71216,67.56,5757,4161,435787,24184,55.5,12657,8210,284870,42592,149.52,1069,885,49221,6796,138.0711485,11295,7419,232573,35281,151.7,295,261,3075,516,167.63,991,615,333424,4439,13.31
2020,NEVADA,CRP,,,,,,1,1,146,1,10.16,,,,,,,,,,0,,,,,,,,,,,,,,,
2020,NEW HAMPSHIRE,CRP,,,,,,,,,,,1,1,4,0,63,,,,,0,1,1,4,0,63,,,,,,,,,,
2020,NEW JERSEY,CRP,340,201,1859,171,92.01,,,,,,336,199,1705,168,98.6,257,155,748,110,147.0588235,79,60,957,58,60.88,,,,,,4,3,154,3,18.87
2020,NEW MEXICO,CRP,1643,1080,424119,13416,31.63,1226,865,270950,10252,37.84,255,193,58769,1989,33.85,,,,,0,255,193,58769,1989,33.85,,,,,,162,113,94400,1175,12.45
2020,NEW YORK,CRP,1370,1012,20928,1924,91.92,196,166,4433,222,50.16,1136,840,14930,1670,111.82,968,711,11467,1473,128.4555682,168,144,3463,196,56.62,,,,,,38,33,1565,32,20.29
2020,NORTH CAROLINA,CRP,3121,2264,45597,3220,70.61,1351,1099,25224,1331,52.78,1752,1189,19824,1878,94.75,505,400,6272,770,122.7678571,1245,867,13495,1102,81.68,2,1,58,6,99.53,18,13,548,10,18.34
2020,NORTH DAKOTA,CRP,20198,10647,1272130,65971,51.86,6620,4558,606151,22835,37.67,13478,7329,640542,42708,66.68,16,12,1060,51,48.11320755,10618,6317,504941,30609,60.62,2844,1825,134541,12048,89.55,100,65,25437,428,16.83
2020,OHIO,CRP,34825,19408,237068,42540,179.44,1807,1572,36076,3450,95.64,32904,18479,196826,39008,198.19,15734,10028,119677,27143,226.8021424,17118,11116,76808,11818,153.86,53,52,341,48,142.13,114,90,4166,82,19.67
2020,OKLAHOMA,CRP,5414,3793,634968,21034,33.13,4940,3499,587285,20046,34.13,324,267,14111,590,41.83,67,56,582,37,63.57388316,254,208,13360,543,40.62,3,3,169,11,62.99,150,107,33572,398,11.86
2020,OREGON,CRP,3660,2040,440788,28022,63.57,1821,1115,352530,21930,62.21,1809,1140,71186,5836,81.98,1656,1062,47583,4249,89.29659752,153,109,23603,1587,67.23,,,,,,30,23,17071,256,14.98
2020,PENNSYLVANIA,CRP,7120,4793,110865,14774,133.26,38,34,738,33,44.36,7068,4766,109585,14730,134.42,7051,4751,109561,14729,134.4365239,17,17,25,2,70.72,,,,,,14,14,542,11,19.5
2020,PUERTO RICO,CRP,3,3,495,25,51.21,,,,,,3,3,495,25,51.21,,,,,0,3,3,495,25,51.21,,,,,,,,,,
2020,RHODE ISLAND,CRP,,,,,,,,,,,1,1,28,2,74,,,,,0,1,1,28,2,74,,,,,,,,,,
2020,SOUTH CAROLINA,CRP,2573,1513,55750,2249,40.34,886,683,30272,983,32.48,1684,937,25377,1263,49.79,,,,,0,1684,937,25377,1263,49.79,,,,,,3,2,101,2,22.11
2020,SOUTH DAKOTA,CRP,28403,13379,1128921,100806,89.29,2980,2063,246810,12719,51.53,24923,12305,746561,85847,114.99,1007,620,79361,8510,107.2315117,20006,10624,569525,64335,112.96,3915,2829,97675,13002,133.11,500,222,135550,2240,16.53
2020,TENNESSEE,CRP,5088,3480,125305,12094,96.52,2639,2076,83162,7519,90.41,2415,1697,39165,4532,115.7,,,,,0,2415,1697,39165,4532,115.7,,,,,,34,30,2978,43,14.6
2020,TEXAS,CRP,18768,13511,2774397,102161,36.82,15842,11897,2454880,90084,36.7,2831,1898,289364,11740,40.57,,,,,0,2831,1898,289364,11740,40.57,,,,,,95,77,30152,337,11.17
2020,UTAH,CRP,782,507,161449,5432,33.65,764,494,160309,5409,33.74,7,6,258,11,43.2,,,,,0,7,6,258,11,43.2,,,,,,11,10,882,11,13.03
2020,VERMONT,CRP,339,252,2280,265,116.3,1,1,7,0,64,338,251,2273,265,116.47,329,249,2240,263,117.4107143,9,9,32,2,58.96,,,,,,,,,,
2020,VIRGINIA,CRP,3567,2774,33125,2262,68.3,474,413,10019,424,42.31,3068,2378,22038,1823,82.72,2583,2092,18472,1577,85.37245561,485,375,3565,246,69.06,,,,,,25,18,1068,16,14.52
2020,WASHINGTON,CRP,10792,4993,1177376,70645,60,6033,3126,936290,52078,55.62,4745,2686,235959,18512,78.45,1154,948,13630,3634,266.617755,3589,1842,222319,14877,66.92,2,2,10,1,110.54,14,7,5126,56,10.84
2020,WEST VIRGINIA,CRP,488,405,7757,500,64.52,1,1,58,2,35.29,457,386,5560,467,84.06,455,384,5555,467,84.06840684,2,2,5,0,38,,,,,,30,21,2140,31,14.54
2020,WISCONSIN,CRP,13506,8647,202149,30813,152.43,4600,3676,84857,8421,99.24,8878,5788,116655,22376,191.81,3686,2590,35941,8140,226.4822904,5180,3857,80595,14215,176.38,12,12,119,20,171.02,28,26,637,16,25.2
2020,WYOMING,CRP,738,471,205565,4989,24.27,622,399,170317,4429,26,89,65,13220,383,28.96,,,,,0,89,65,13220,383,28.96,,,,,,27,16,22027,178,8.07
2021,U.S.,CRP,562405,319283,20513222,1711989,83.46,147712,108977,11145708,605096,54.29,408532,237557,7561630,1083591,143.3,52113,35663,862287,155395,180.2126206,342380,203681,6325390,868795,137.28,14114,10970,373954,60114,160.35,6161,3637,1805884,23302,12.9
2021,ALABAMA,CRP,3994,3035,168302,7488,44.49,2735,2131,120066,5354,44.59,1202,961,39835,2005,50.34,,,,,0,1199,957,39821,2005,50.34,3,3,14,1,36.59,57,46,8401,129,15.33
2021,ALASKA,CRP,15,15,8184,308,37.66,13,13,7999,296,36.98,2,2,184,12,67.1,,,,,0,2,2,184,12,67.1,,,,,,,,,,
2021,ARIZONA,CRP,,,,,,,,,,,,,,,,,,,,0,,,,,,,,,,,,,,,
2021,ARKANSAS,CRP,4884,2885,205332,16119,78.5,753,591,37425,2384,63.7,4129,2492,167805,13734,81.84,12,10,483,56,115.942029,4098,2473,165310,13508,81.71,19,13,2012,170,84.4,2,2,102,1,14.59
2021,CALIFORNIA,CRP,148,115,41723,1924,46.12,135,103,37293,1849,49.57,6,6,1223,36,29.3,,,,,0,6,6,1223,36,29.3,,,,,,7,7,3207,40,12.43
2021,COLORADO,CRP,8114,4502,1552772,50119,32.28,6614,3836,1284668,40041,31.17,1200,747,123857,8819,71.21,276,199,38695,5305,137.0978163,923,559,85001,3506,41.24,1,1,160,8,52.45,300,149,144247,1259,8.73
2021,CONNECTICUT,CRP,1,1,1,0,67,,,,,,1,1,1,0,67,,,,,0,1,1,1,0,67,,,,,,,,,,
2021,DELAWARE,CRP,279,169,3336,492,147.58,7,7,91,8,83.72,272,165,3245,485,149.38,251,162,3132,472,150.7024266,21,15,113,12,110.2,,,,,,,,,,
2021,FLORIDA,CRP,371,316,14401,718,49.88,289,259,11355,566,49.85,70,54,2340,137,58.63,,,,,0,70,53,2340,137,58.63,,,,,,12,8,706,15,21.28
2021,GEORGIA,CRP,5901,4067,195057,12553,64.35,1581,1209,56077,3381,60.29,4264,2980,133927,9071,67.73,,,,,0,4234,2981,133927,9071,67.73,,,,,,86,67,5054,101,19.97
2021,HAWAII,CRP,38,23,4887,102,2.84,,,,,,32,21,1280,62,48.58,32,21,1280,62,48.4375,,,,,,,,,,,6,2,3607,40,11
2021,IDAHO,CRP,2869,1703,449245,23189,51.62,1745,1142,243024,12746,52.45,1104,715,168814,10033,59.43,188,123,18407,2462,133.7534634,915,590,150402,7571,50.34,1,1,6,0,78.55,20,17,37407,409,10.94
2021,ILLINOIS,CRP,73928,42072,828625,167526,202.17,12215,9508,243834,34336,140.82,61696,36622,584084,133169,228,4184,3109,64235,16753,260.8079707,57407,34632,518019,115918,223.76,106,97,1845,511,276.88,17,13,706,21,29.65
2021,INDIANA,CRP,30713,17631,202081,38867,192.33,2459,2104,42628,5360,125.73,28247,16353,159352,33503,210.24,2019,1538,21311,5685,266.7636432,26149,15350,137322,27683,201.59,79,73,719,135,187.29,7,6,100,4,39.52
2021,IOWA,CRP,103454,53209,1662521,382382,230,16720,13221,450649,74934,166.28,86656,47055,1208375,307315,254.32,127,124,3707,1148,309.6843809,81632,45034,1110979,279843,251.52,4959,4112,94457,26965,285.54,78,64,3498,133,38.07
2021,KANSAS,CRP,30402,18253,1748776,75545,43.2,17560,12198,1393810,55966,40.15,12615,8001,301981,19036,63.04,130,91,23430,3070,131.0285958,12384,7856,276720,15862,57.32,101,96,1831,104,57.01,227,164,52986,543,10.25
2021,KENTUCKY,CRP,11481,6073,190207,31228,164.18,2124,1614,59017,7461,126.42,9273,4965,127572,23677,185.6,1832,932,61572,12047,195.6571169,7441,4059,66000,11630,176.21,,,,,,84,50,3618,90,24.98
2021,LOUISIANA,CRP,4294,2826,257958,23890,92.61,545,443,34466,1979,57.43,3740,2495,222048,21883,98.55,282,225,17044,1371,80.43886412,3413,2292,201447,20164,100.09,45,34,3556,348,97.79,9,7,1444,28,19.26
2021,MAINE,CRP,189,138,4451,223,50.12,82,69,2229,72,32.32,106,83,2173,150,69.15,,,,,0,106,83,2173,150,69.15,,,,,,1,1,48,1,15
2021,MARYLAND,CRP,4422,2624,46394,10439,225.02,52,49,713,71,99.83,4357,2599,44612,10332,231.59,4084,2512,43683,10231,234.2101046,273,232,930,101,108.2,,,,,,13,13,1068,36,34.01
2021,MASSACHUSETTS,CRP,2,2,9,1,101,,,,,,2,2,9,1,101,,,,,0,2,2,9,1,101,,,,,,,,,,
2021,MICHIGAN,CRP,8040,4778,113548,14152,124.63,1119,956,26000,2503,96.29,6679,3922,69740,11384,163.23,2182,1452,24039,4142,172.3033404,4465,2861,45678,7240,158.5,2,2,23,2,97.76,242,132,17809,264,14.84
2021,MINNESOTA,CRP,53888,28518,994660,139692,140.44,9748,7649,288333,25491,88.41,43965,24345,698333,113984,163.22,906,786,33409,9484,283.8756024,41123,23301,630129,98455,156.25,1937,1679,34807,6046,173.79,175,140,7994,218,27.24
2021,MISSISSIPPI,CRP,13319,8783,548812,42561,77.55,5324,4313,272661,15407,56.51,7985,5418,275579,27146,98.5,116,95,5084,695,136.7033832,7778,5290,259117,25341,97.8,91,80,11379,1110,97.58,10,10,573,8,14.65
2021,MISSOURI,CRP,24792,15154,785780,96032,122.21,11696,8772,518836,59411,114.51,13054,8398,263555,36535,138.62,785,572,23828,2430,101.9808629,12265,7959,239505,34079,142.29,4,3,222,25,113.86,42,31,3389,86,25.45
2021,MONTANA,CRP,4711,2209,799002,23550,29.47,2950,1599,537944,15873,29.51,1430,726,175648,6844,38.97,105,50,11276,717,63.58637815,1317,672,164107,6123,37.28,6,5,360,13,36.01,331,75,85409,832,9.75
2021,NEBRASKA,CRP,19108,11199,1268412,73392,57.86,5460,3950,395641,23170,58.56,12114,7856,270365,42670,157.82,841,700,42786,7912,184.920301,10983,7219,224561,34254,152.52,292,254,3056,517,169.72,1534,936,602406,7553,12.54
2021,NEVADA,CRP,2,2,1562,12,7.48,1,1,146,1,10.16,,,,,,,,,,0,,,,,,,,,,,1,1,1416,10,7.2
2021,NEW HAMPSHIRE,CRP,,,,,,,,,,,,,,,,,,,,0,,,,,,,,,,,,,,,
2021,NEW JERSEY,CRP,324,186,1838,166,90.5,11,11,149,8,54.57,309,177,1535,155,101.15,246,145,683,103,150.8052709,63,48,853,52,61.49,,,,,,4,3,154,3,18.87
2021,NEW MEXICO,CRP,1569,1036,427491,12823,29.99,1147,815,259894,9630,37.05,250,191,57893,1957,33.8,,,,,0,250,191,57893,1957,33.8,,,,,,172,118,109704,1236,11.27
2021,NEW YORK,CRP,1097,824,17330,1600,92.3,128,112,2998,160,53.48,919,689,12417,1400,112.74,787,588,9572,1235,129.0221479,132,112,2845,165,57.83,,,,,,50,43,1915,39,20.56
2021,NORTH CAROLINA,CRP,2482,1790,35209,2549,72.4,953,783,17572,954,54.31,1503,1020,16878,1581,93.7,358,289,4454,561,125.9541985,1143,798,12366,1015,82.07,2,1,58,6,99.53,26,20,758,13,17.5
2021,NORTH DAKOTA,CRP,19597,10291,1235241,64454,52.18,6572,4529,576808,22430,38.89,12802,6976,605813,41188,67.99,15,11,1040,51,49.03846154,10065,5982,476747,29602,62.09,2722,1760,128026,11536,90.11,223,143,52619,836,15.89
2021,OHIO,CRP,34009,19017,227698,43596,191.47,1805,1578,33992,3551,104.47,31983,18025,185862,39877,214.55,15239,9767,112104,28367,253.0418183,16694,10841,73430,11465,156.09,51,50,335,48,144.27,221,187,7844,168,21.39
2021,OKLAHOMA,CRP,4327,3103,519489,15554,29.94,3849,2809,467928,14556,31.11,298,250,13713,566,41.28,62,53,560,35,62.5,233,194,12983,520,40.05,3,3,169,11,62.99,180,123,37849,432,11.41
2021,OREGON,CRP,3795,2090,502431,29266,58.25,2032,1214,398373,22977,57.68,1712,1089,69890,5858,83.82,1562,1010,46549,4290,92.16094868,150,109,23340,1568,67.19,,,,,,51,37,34168,431,12.62
2021,PENNSYLVANIA,CRP,6577,4423,101002,13900,137.62,27,25,429,22,51.09,6531,4399,99708,13858,138.98,6516,4386,99685,13856,138.9978432,15,15,23,2,76.39,,,,,,19,18,865,20,23.43
2021,PUERTO RICO,CRP,3,3,495,25,51.21,,,,,,3,3,495,25,51.21,,,,,0,3,3,495,25,51.21,,,,,,,,,,
2021,RHODE ISLAND,CRP,1,1,28,2,74,,,,,,1,1,28,2,74,,,,,0,1,1,28,2,74,,,,,,,,,,
2021,SOUTH CAROLINA,CRP,2106,1227,43616,1799,41.25,569,454,18659,613,32.84,1517,855,23391,1152,49.24,,,,,0,1517,855,23391,1152,49.24,,,,,,20,11,1565,35,22.08
2021,SOUTH DAKOTA,CRP,28730,13441,1379308,103985,75.39,2700,1968,195673,11455,58.54,24482,12212,721706,85208,118.06,973,603,75649,8687,114.8329786,19840,10622,554390,64025,115.46,3674,2688,91832,12529,144.27,1548,694,461929,7322,15.85
2021,TENNESSEE,CRP,4683,3193,111343,10782,96.84,2321,1842,72424,6486,89.56,2317,1638,35766,4250,118.82,,,,,0,2317,1643,35766,4250,118.82,,,,,,45,36,3153,46,14.61
2021,TEXAS,CRP,15703,11436,2341823,81248,34.69,12873,9858,2018578,69343,34.35,2709,1804,284445,11503,40.44,,,,,0,2709,1804,284445,11503,40.44,,,,,,121,99,38800,402,10.37
2021,UTAH,CRP,548,379,116417,3177,27.29,518,361,98752,3088,31.27,6,5,253,11,43.21,,,,,0,6,5,253,11,43.21,,,,,,24,21,17411,78,4.46
2021,VERMONT,CRP,329,245,2274,265,116.54,1,1,7,0,64,328,244,2266,264,116.71,319,242,2234,263,117.7260519,9,9,32,2,58.96,,,,,,,,,,
2021,VIRGINIA,CRP,3382,2616,31955,2141,67,401,350,8221,341,41.48,2916,2260,21097,1755,83.17,2471,1997,17662,1514,85.72075643,445,347,3436,241,70.07,,,,,,65,48,2637,45,17.22
2021,WASHINGTON,CRP,9748,4659,973965,58051,59.6,5158,2802,735239,40125,54.57,4570,2616,230239,17851,77.53,1127,929,13495,3570,264.5424231,3441,1801,216734,14280,65.89,2,2,10,1,110.54,20,11,8486,76,8.91
2021,WEST VIRGINIA,CRP,463,382,7661,466,59.6,1,1,58,2,35.29,428,361,5101,429,84.1,426,359,5097,429,84.16715715,2,2,5,0,38,,,,,,34,25,2502,35,13.88
2021,WISCONSIN,CRP,13088,8325,192704,30683,159.22,4354,3484,77488,8346,107.71,8700,5704,114370,22315,195.11,3655,2583,36103,8390,232.3906601,5031,3766,78092,13896,177.95,14,13,175,28,161.55,34,32,845,22,26.19
2021,WYOMING,CRP,485,314,147869,2953,19.97,365,243,97561,2350,24.08,77,54,12824,362,28.25,,,,,0,77,54,12824,362,28.25,,,,,,43,27,37484,241,6.43
2022,U.S.,CRP,559125,315439,21997232,1778121,80.83,135305,100466,10129835,565056,55.78,412266,239543,7963403,1153510,144.85,,,,,0,349954,207933,6816004,939313,137.74,13679,10676,362570,60521,166.43,11554,6526,3903993,59555,15.25
2022,ALABAMA,CRP,3280,2526,139190,6330,45.48,2057,1631,90604,4221,46.59,1150,916,38517,1951,50.65,,,,,0,1147,913,38503,1950,50.65,3,3,14,1,36.59,73,60,10069,159,15.76
2022,ALASKA,CRP,26,20,10790,444,41.19,20,17,10137,412,40.66,6,6,653,32,49.32,,,,,0,6,6,653,32,49.32,,,,,,,,,,
2022,ARIZONA,CRP,3,3,10251,154,15,,,,,,,,,,,,,,,0,,,,,,,,,,,3,3,10251,154,15
2022,ARKANSAS,CRP,4735,2828,200297,16439,82.07,675,529,32641,2194,67.23,4055,2475,167309,14239,85.11,12,10,483,56,115.942029,4025,2458,164868,14019,85.03,18,12,1958,164,83.97,5,5,347,5,14.88
2022,CALIFORNIA,CRP,143,113,56390,1889,33.49,123,96,33427,1502,44.94,4,4,1113,29,26.31,,,,,0,4,4,1113,29,26.31,,,,,,16,14,21850,357,16.34
2022,COLORADO,CRP,9121,4788,2034798,57094,28.06,6518,3759,1270013,38702,30.47,1131,706,123696,8130,65.72,185,139,25398,4127,162.4931097,945,572,98138,3995,40.71,1,1,160,8,52.45,1472,691,641088,10261,16.01
2022,CONNECTICUT,CRP,,,,,,,,,,,,,,,,,,,,0,,,,,,,,,,,,,,,
2022,DELAWARE,CRP,269,164,3220,493,153.05,6,6,82,7,83.32,263,161,3138,486,154.86,244,159,3039,475,156.3014149,19,13,99,11,111.42,,,,,,,,,,
2022,FLORIDA,CRP,293,249,11388,588,51.66,213,192,8099,435,53.76,65,52,2191,130,59.14,,,,,0,65,52,2191,130,59.14,,,,,,15,10,1098,23,21.27
2022,GEORGIA,CRP,5548,3797,183101,12233,66.81,1265,967,44782,2896,64.66,4148,2903,130703,9181,70.24,,,,,0,4148,2903,130703,9181,70.24,,,,,,135,104,7616,156,20.55
2022,HAWAII,CRP,38,23,4875,101,20.78,,,,,,32,21,1268,62,48.58,32,21,1268,62,48.89589905,,,,,,,,,,,6,2,3607,40,11
2022,IDAHO,CRP,2744,1611,425743,21635,50.82,1591,1058,214721,10872,50.63,1132,718,173375,10350,59.7,141,83,11108,2175,195.8048254,990,630,162262,8174,50.38,1,1,6,0,78.55,21,18,37647,413,10.97
2022,ILLINOIS,CRP,73958,42204,822961,171085,207.89,12219,9534,233991,34822,148.82,61720,36838,588162,136240,231.64,3418,2617,50898,14551,285.8854965,58196,35206,535362,121165,226.31,107,97,1916,537,280.11,19,15,808,23,28.34
2022,INDIANA,CRP,29863,17201,199738,39780,199.16,2340,2001,39842,5206,130.68,27512,16008,159744,34568,216.4,2022,1545,21487,6013,279.8436264,25419,15019,137592,28421,206.56,71,65,665,133,200.56,11,7,152,5,35.51
2022,IOWA,CRP,104777,53967,1693946,396275,233.94,15723,12570,420499,71186,169.29,88974,48217,1269913,324955,255.89,125,122,3362,1112,330.7555027,83978,46229,1173448,297286,253,4933,4103,93872,27199,289.77,80,66,3533,135,38.1
2022,KANSAS,CRP,28801,17347,1720648,74256,43.16,15893,11245,1242203,51516,41.47,12328,7886,332140,20341,61.24,130,91,23430,3070,131.0285958,12107,7746,307045,17175,55.94,91,86,1664,96,57.68,580,364,146305,2398,16.39
2022,KENTUCKY,CRP,11388,6014,189104,31787,168.09,1839,1397,51250,6671,130.16,9450,5077,133148,25001,187.77,1710,882,58625,11589,197.6801706,7740,4220,74523,13412,179.97,,,,,,99,58,4706,116,24.6
2022,LOUISIANA,CRP,4293,2805,256004,25075,97.95,522,429,31832,1916,60.19,3763,2490,222790,23133,103.83,28,21,1513,119,78.65168539,3690,2449,217720,22665,104.1,45,34,3556,348,97.79,8,6,1382,26,19.14
2022,MAINE,CRP,153,118,3906,207,53.01,63,56,1726,59,33.9,89,71,2132,148,69.34,,,,,0,89,71,2132,148,69.34,,,,,,1,1,48,1,15
2022,MARYLAND,CRP,4305,2555,45113,10441,231.45,54,50,708,72,101.22,4238,2527,43338,10333,238.44,3971,2448,42490,10235,240.8802071,267,225,847,99,116.73,,,,,,13,13,1068,36,34.01
2022,MASSACHUSETTS,CRP,2,2,9,1,101,,,,,,2,2,9,1,101,,,,,0,2,2,9,1,101,,,,,,,,,,
2022,MICHIGAN,CRP,7836,4644,116781,14242,121.96,1080,913,24528,2492,101.61,6435,3770,68475,11390,166.34,1839,1243,20239,3635,179.6037354,4594,2884,48211,7753,160.81,3,3,34,4,109.79,321,185,23778,360,15.14
2022,MINNESOTA,CRP,54197,28650,996589,145774,146.27,8992,7102,263413,24224,91.96,45008,24779,723129,121286,167.72,874,750,33987,9940,292.4647659,42334,23804,656590,105496,160.67,1801,1573,32563,5851,179.75,197,159,10048,264,26.25
2022,MISSISSIPPI,CRP,12555,8267,515840,42514,82.42,4592,3749,239173,14360,60.04,7952,5425,276124,28146,101.93,129,106,5699,811,142.3056677,7730,5288,258865,26191,101.18,93,82,11561,1143,98.91,11,10,544,8,14.64
2022,MISSOURI,CRP,24421,14805,766423,99141,129.36,10394,7858,452434,53997,119.35,13984,9038,310647,45059,145.05,509,387,17509,1877,107.2020104,13472,8744,292932,43159,147.33,3,2,206,23,110.64,43,32,3342,85,25.46
2022,MONTANA,CRP,4645,2065,785991,22092,28.11,2614,1414,451802,13329,29.5,1427,726,177436,6878,38.77,104,47,10786,687,63.69367699,1320,675,166384,6188,37.16,6,5,360,13,36.01,604,136,156753,1885,12.03
2022,NEBRASKA,CRP,19294,11174,1521007,78318,51.49,5232,3766,367682,23161,62.99,11867,7685,269188,43002,159.75,721,592,41708,7982,191.3781529,10864,7133,224509,34507,153.68,284,247,3008,527,175.41,2195,1349,884137,12155,13.75
2022,NEVADA,CRP,3,2,2718,27,9.86,,,,,,,,,,,,,,,0,,,,,,,,,,,3,2,2718,27,9.86
2022,NEW HAMPSHIRE,CRP,,,,,,,,,,,,,,,,,,,,0,,,,,,,,,,,,,,,
2022,NEW JERSEY,CRP,311,183,1838,165,89.71,11,11,149,8,54.57,295,173,1517,153,101.06,233,141,652,100,153.3742331,62,47,865,53,61.72,,,,,,5,4,173,3,20.19
2022,NEW MEXICO,CRP,1650,1048,616762,14243,23.09,767,596,173801,5975,34.38,412,287,93445,2841,30.4,,,,,0,412,287,93445,2841,30.4,,,,,,471,299,349516,5427,15.53
2022,NEW YORK,CRP,1020,774,16331,1441,88.23,129,112,3000,176,58.6,831,632,10945,1215,111.02,711,542,8438,1063,125.9777198,120,101,2508,153,60.92,,,,,,60,51,2386,50,20.94
2022,NORTH CAROLINA,CRP,2078,1501,27897,2093,75.01,685,571,12752,734,57.54,1369,934,14470,1347,93.1,299,240,3553,458,128.9051506,1068,750,10860,884,81.36,2,2,58,6,99.53,24,20,675,12,17.36
2022,NORTH DAKOTA,CRP,19692,10210,1244240,67203,54.01,6252,4355,526389,21412,40.68,13122,7077,644275,44631,69.27,15,11,1137,59,51.89094107,10463,6118,519824,32866,63.21,2647,1723,123321,11717,95.01,318,194,73576,1160,15.76
2022,OHIO,CRP,33936,18974,227453,47944,210.79,1629,1437,31114,3377,108.55,32041,18027,186752,44355,237.51,14998,9662,111072,31989,288.0023768,16996,10996,75393,12324,163.42,49,48,302,47,156.91,266,226,9587,212,22.1
2022,OKLAHOMA,CRP,4419,3041,614129,15854,25.82,3320,2428,402069,11871,29.53,276,238,13086,538,41.12,57,50,535,34,63.55140187,216,185,12381,494,39.87,3,3,169,11,62.99,823,546,198974,3444,17.31
2022,OREGON,CRP,3755,2044,531020,29505,55.56,1929,1157,375547,21315,56.76,1741,1124,91717,7336,79.98,1467,960,45403,4275,94.15677378,274,212,46314,3061,66.09,,,,,,85,60,63756,854,13.4
2022,PENNSYLVANIA,CRP,6057,4073,92796,13534,145.85,12,12,171,10,59.52,6026,4057,91760,13504,147.16,6019,4052,91739,13501,147.1675078,7,7,21,3,124.48,,,,,,19,18,865,20,23.43
2022,PUERTO RICO,CRP,3,3,495,25,51.21,,,,,,3,3,495,25,51.21,,,,,0,3,3,495,25,51.21,,,,,,,,,,
2022,RHODE ISLAND,CRP,1,1,28,2,74,,,,,,1,1,28,2,74,,,,,0,1,1,28,2,74,,,,,,,,,,
2022,SOUTH CAROLINA,CRP,1844,1072,37587,1591,42.32,386,317,13757,457,33.19,1425,803,22054,1100,49.88,,,,,0,1425,803,22054,1100,49.88,,,,,,33,21,1776,34,19.24
2022,SOUTH DAKOTA,CRP,29904,13752,1765315,117318,66.46,2392,1794,163081,10011,61.39,24953,12370,762670,93674,122.82,990,620,76611,10239,133.6492149,20470,10870,598173,70829,118.38,3499,2568,88058,12646,143.66,2559,1098,839563,13633,16.24
2022,TENNESSEE,CRP,4508,3029,103186,10559,102.33,1913,1525,57839,5373,92.9,2542,1777,42345,5142,121.43,,,,,0,2542,1779,42345,5142,121.43,,,,,,53,40,3003,43,14.47
2022,TEXAS,CRP,15087,10915,2307634,80897,35.06,11643,8951,1816972,64294,35.39,2995,2028,334242,13945,41.72,,,,,0,2995,2028,334242,13945,41.72,,,,,,449,332,156420,2658,16.99
2022,UTAH,CRP,602,385,136491,3414,25.01,555,358,106752,3149,29.49,6,5,253,11,43.21,,,,,0,6,6,253,11,43.21,,,,,,41,27,29486,254,8.63
2022,VERMONT,CRP,290,219,2120,251,118.21,,,,,,290,219,2120,251,118.21,282,217,2089,249,119.1957875,8,7,31,2,59.05,,,,,,,,,,
2022,VIRGINIA,CRP,3189,2465,31014,2039,65.74,356,311,7320,314,42.95,2730,2121,19838,1659,83.62,2334,1884,16596,1431,86.22559653,396,311,3242,228,70.29,,,,,,103,76,3856,65,16.96
2022,WASHINGTON,CRP,9715,4652,1033856,63297,61.22,4978,2748,743500,41914,56.37,4701,2692,271207,21164,78.04,1104,911,13273,3555,267.8369623,3595,1907,257923,17608,68.27,2,2,10,1,110.54,36,19,19150,219,11.45
2022,WEST VIRGINIA,CRP,441,367,7413,436,58.76,,,,,,404,345,4766,399,83.64,403,344,4764,399,83.75314861,1,1,3,0,38,,,,,,37,27,2646,37,13.94
2022,WISCONSIN,CRP,13289,8383,195865,32693,166.92,3952,3186,68599,7836,114.23,9294,6078,126163,24827,196.79,3608,2538,35938,8547,237.8262563,5669,4217,89985,16235,180.42,17,16,240,46,190.41,43,40,1102,30,26.78
2022,WYOMING,CRP,643,406,286944,5203,18.13,371,258,101437,2578,25.41,74,51,10920,322,29.46,,,,,0,74,51,10920,322,29.46,,,,,,198,118,174588,2304,13.2
2023,U.S.,CRP,545335,305640,22933325,1794097,78.23,114367,85442,8365422,480491,57.44,412262,239418,8222581,1214803,147.74,44240,30648,697596,146286,209.7001703,354849,210611,7175209,1008807,140.53,13252,10358,349777,60455,172.26,18706,10280,6345321,98803,15.57
2023,ALABAMA,CRP,2536,1960,107015,4940,46.16,1436,1137,61408,3040,49.51,1003,804,33661,1708,50.73,,,,,0,1000,800,33647,1707,50.73,3,3,14,1,36.59,97,81,11947,192,16.11
2023,ALASKA,CRP,28,19,11488,476,41.43,22,17,10794,444,41.15,6,5,693,32,45.79,,,,,0,6,5,693,32,45.79,,,,,,,,,,
2023,ARIZONA,CRP,4,4,15199,208,13.7,,,,,,,,,,,,,,,0,,,,,,,,,,,4,4,15199,208,13.7
2023,ARKANSAS,CRP,4599,2746,192972,16361,84.79,571,450,25618,1805,70.46,4020,2449,166902,14550,87.17,11,9,430,50,116.2790698,3991,2432,164514,14335,87.14,18,12,1958,164,83.97,8,7,452,6,14.35
2023,CALIFORNIA,CRP,122,98,63844,1456,22.8,85,69,23159,835,36.06,3,3,1048,26,24.72,,,,,0,3,3,1048,26,24.72,,,,,,34,26,39637,595,15.01
2023,COLORADO,CRP,9739,4851,2443398,61279,25.08,5914,3405,1143748,33959,29.69,1124,695,128100,8168,63.76,163,126,22422,3878,172.9551334,960,573,105517,4282,40.58,1,1,160,8,52.45,2701,1265,1171550,19152,16.35
2023,CONNECTICUT,CRP,,,,,,,,,,,,,,,,,,,,0,,,,,,,,,,,,,,,
2023,DELAWARE,CRP,254,159,3044,473,155.48,5,5,80,7,83.72,249,157,2964,467,157.4,230,154,2865,456,159.1623037,19,13,99,11,111.42,,,,,,,,,,
2023,FLORIDA,CRP,199,160,7663,436,56.88,114,99,4056,274,67.55,63,50,2140,132,61.9,,,,,0,63,49,2140,132,61.9,,,,,,22,14,1467,29,20.04
2023,GEORGIA,CRP,4786,3267,159798,11139,69.71,933,705,31901,2370,74.28,3566,2484,110254,8398,76.17,,,,,0,3566,2485,110254,8398,76.17,,,,,,287,224,17644,371,21.05
2023,HAWAII,CRP,39,24,4968,102,20.59,0,0,0,0,0,32,21,1268,62,48.58,32,21,1268,62,48.89589905,,,,,,,,,,,7,3,3700,41,11
2023,IDAHO,CRP,2427,1404,376955,18270,48.47,1299,863,183868,8399,45.68,1105,700,154859,9444,60.99,130,74,10227,2387,233.4017796,973,624,144598,7052,48.77,1,1,6,0,78.55,23,20,38228,426,11.15
2023,ILLINOIS,CRP,73274,42020,813140,173724,213.65,11460,9016,211980,33166,156.46,61787,37046,600112,140527,234.17,3032,2320,48105,14050,292.0694315,58648,35607,550097,125949,228.94,108,98,1923,539,280.42,27,22,1048,31,29.95
2023,INDIANA,CRP,28508,16554,191985,39696,206.76,2096,1787,34390,4675,135.95,26395,15496,157301,35010,222.57,2059,1576,21684,6356,293.1193507,24266,14494,134958,28521,211.33,70,64,659,133,202.36,17,13,294,10,33.68
2023,IOWA,CRP,104460,54004,1688112,402509,238.44,13559,11059,348925,60314,172.86,90811,49231,1335408,342049,256.14,122,119,3302,1122,339.7940642,85857,47262,1239951,314466,253.28,4895,4073,92897,27100,291.73,90,75,3779,145,38.41
2023,KANSAS,CRP,28071,16695,1822190,75823,41.61,14732,10430,1141432,48915,42.85,12046,7729,349367,21281,60.91,124,88,22691,2983,131.4618131,11844,7600,325185,18211,56,78,75,1490,87,58.39,1293,766,331391,5628,16.98
2023,KENTUCKY,CRP,10298,5424,148749,24759,166.45,1535,1162,42664,5760,135.01,8651,4671,100844,18871,187.13,535,269,15952,3535,221.6023069,8116,4411,84891,15337,180.66,,,,,,112,67,5241,128,24.38
2023,LOUISIANA,CRP,4256,2748,251657,25144,99.91,467,391,27180,1779,65.44,3781,2469,223095,23339,104.61,,,,,0,3736,2444,219540,22991,104.73,45,34,3556,348,97.79,8,6,1382,26,19.14
2023,MAINE,CRP,111,88,3231,190,58.93,41,37,1239,52,41.76,68,57,1904,137,72.13,,,,,0,68,57,1904,137,72.13,,,,,,2,2,89,1,15.46
2023,MARYLAND,CRP,4135,2469,42986,10436,242.79,52,48,625,67,107.77,4070,2444,41292,10333,250.23,3829,2375,40514,10235,252.6287209,241,203,779,97,125.04,,,,,,13,13,1068,36,34.01
2023,MASSACHUSETTS,CRP,2,2,9,1,101,,,,,,2,2,9,1,101,,,,,0,2,2,9,1,101,,,,,,,,,,
2023,MICHIGAN,CRP,7466,4413,114174,14077,123.3,915,776,20364,2196,107.82,6176,3620,67364,11446,169.92,1661,1128,18895,3541,187.4040752,4513,2826,48446,7903,163.12,2,2,22,2,110.02,375,217,26446,435,16.46
2023,MINNESOTA,CRP,53672,28311,976095,150773,154.47,7850,6256,222758,21638,97.14,45584,24929,741790,128834,173.68,707,608,30523,9599,314.4841595,43230,24106,682159,113699,166.67,1648,1442,29118,5538,190.24,238,189,11548,301,26.03
2023,MISSISSIPPI,CRP,11633,7614,470812,41544,88.24,3512,2858,184632,12205,66.11,8102,5550,285331,29326,102.78,142,117,6023,863,143.2840777,7862,5402,267232,27255,101.99,98,86,12076,1208,100.03,19,18,849,12,14.51
2023,MISSOURI,CRP,23146,13940,704182,99850,141.8,7986,6159,319783,42107,131.67,15113,9750,380987,57655,151.33,98,80,3068,344,112.125163,15012,9697,377713,57289,151.67,3,2,206,23,110.64,47,35,3412,87,25.5
2023,MONTANA,CRP,4688,1868,807703,20021,24.79,1955,1063,310450,9204,29.65,1397,710,178048,6861,38.54,103,45,10484,675,64.38382297,1291,663,167308,6183,36.92,5,5,292,11,36.16,1336,338,319205,3956,12.39
2023,NEBRASKA,CRP,19754,11301,1836837,84859,46.2,5007,3610,346958,23104,66.59,11603,7542,268161,43449,162.03,610,493,41230,8032,194.8096047,10727,7058,224116,34913,155.76,268,233,2853,519,181.87,3144,1846,1221718,18306,14.98
2023,NEVADA,CRP,4,3,2968,30,10.12,,,,,,,,,,,,,,,,,,,,,,,,,,4,3,2968,30,10.12
2023,NEW HAMPSHIRE,CRP,,,,,,,,,,,,,,,,,,,,0,,,,,,,,,,,,,,,
2023,NEW JERSEY,CRP,277,165,1650,153,92.5,11,11,144,8,54.32,261,156,1333,141,105.98,207,127,556,90,161.8705036,54,44,777,52,66.44,,,,,,5,4,173,3,20.19
2023,NEW MEXICO,CRP,1806,1071,857006,15802,18.44,385,308,88768,2442,27.51,476,332,109017,3196,29.31,,,,,0,476,332,109017,3196,29.31,,,,,,945,564,659220,10165,15.42
2023,NEW YORK,CRP,944,713,15526,1169,75.29,112,95,2611,150,57.31,752,570,9547,947,99.21,641,489,7192,799,111.0956618,111,91,2355,148,62.92,,,,,,80,69,3369,72,21.43
2023,NORTH CAROLINA,CRP,1657,1189,21545,1745,81.01,497,414,8981,574,63.91,1131,767,11711,1155,98.64,265,215,3166,413,130.4485155,864,606,8487,737,86.83,2,2,58,6,99.53,29,22,853,16,18.99
2023,NORTH DAKOTA,CRP,18242,9337,1124612,69129,61.47,3772,2692,286398,13504,47.15,14028,7486,733592,53926,73.51,10,9,1051,56,53.28258801,11446,6612,614760,42055,68.39,2575,1665,117940,11842,100.4,442,265,104623,1699,16.24
2023,OHIO,CRP,33613,18813,227013,50680,223.25,1461,1300,27311,3173,116.18,31783,17875,186970,47205,252.47,14398,9390,109317,33960,310.6561651,17338,11144,77366,13196,170.52,49,48,302,54,178.4,369,319,12732,302,23.73
2023,OKLAHOMA,CRP,4106,2728,623085,14135,22.69,2547,1833,307219,8340,27.15,255,222,12697,518,40.78,51,45,491,31,63.13645621,201,174,12037,478,39.7,3,3,169,9,54.32,1304,841,303168,5277,17.41
2023,OREGON,CRP,3742,1998,599727,28957,48.28,1788,1079,348071,18987,54.55,1737,1132,105345,8165,77.51,1375,913,44253,4235,95.69972657,362,289,61092,3930,64.33,,,,,,217,138,146311,1806,12.34
2023,PENNSYLVANIA,CRP,5360,3621,82459,12710,154.14,12,12,133,9,66.37,5324,3603,81363,12678,155.83,5320,3600,81326,12676,155.8665126,4,3,37,3,89.29,,,,,,24,23,964,23,23.76
2023,PUERTO RICO,CRP,3,3,495,25,51.21,,,,,,3,3,495,25,51.21,,,,,0,3,3,495,25,51.21,,,,,,,,,,
2023,RHODE ISLAND,CRP,1,1,28,2,74,,,,,,1,1,28,2,74,,,,,0,1,1,28,2,74,,,,,,,,,,
2023,SOUTH CAROLINA,CRP,1547,878,27429,1278,46.58,169,141,4757,184,38.74,1342,749,20835,1058,50.77,,,,,0,1342,749,20835,1058,50.77,,,,,,36,26,1838,36,19.43
2023,SOUTH DAKOTA,CRP,30723,13924,2099894,129545,61.69,1584,1235,100680,6582,65.37,25535,12578,808842,103786,128.31,1001,630,80321,11747,146.2506692,21177,11149,643672,79263,123.12,3362,2492,85013,12816,150.76,3604,1506,1190372,19178,16.11
2023,TENNESSEE,CRP,4376,2914,98797,10443,105.7,1590,1267,47462,4613,97.2,2720,1896,47569,5775,121.4,,,,,0,2720,1901,47569,5775,121.4,,,,,,66,53,3766,54,10.09
2023,TEXAS,CRP,13735,9819,2155262,72504,33.64,9797,7506,1522446,53580,35.19,2962,2016,315660,13476,42.69,,,,,0,2962,2016,315660,13476,42.69,,,,,,976,726,317156,5448,17.18
2023,UTAH,CRP,604,377,157831,3475,22.02,521,340,101659,2901,28.54,3,2,213,9,43.5,,,,,0,3,2,213,9,43.5,,,,,,80,53,55959,565,10.09
2023,VERMONT,CRP,264,210,2044,240,117.54,,,,,,264,210,2044,240,117.54,258,208,2015,239,118.6104218,6,6,28,2,59.5,,,,,,,,,,
2023,VIRGINIA,CRP,2931,2248,29487,1869,63.39,298,256,6052,254,42.01,2483,1923,17988,1520,84.53,2119,1704,14866,1288,86.64065653,364,283,3122,233,74.57,,,,,,150,116,5447,95,17.35
2023,WASHINGTON,CRP,8978,4439,969180,61619,63.58,4569,2547,674445,39815,59.03,4371,2608,275007,21577,78.46,1080,888,13135,3496,266.1591169,3291,1843,261895,18085,69.06,1,1,6,1,110.4,38,20,19728,227,11.5
2023,WEST VIRGINIA,CRP,455,372,9623,457,47.52,,,,,,386,332,4665,394,84.52,385,331,4662,394,84.51308451,1,1,3,0,38,,,,,,69,46,4958,63,12.71
2023,WISCONSIN,CRP,13086,8258,193403,33575,173.6,3405,2788,57906,6944,119.91,9634,6306,134369,26602,197.97,3542,2497,35559,8698,244.6075536,6075,4509,98571,17858,181.17,17,16,240,46,190.41,47,42,1128,30,26.8
2023,WYOMING,CRP,674,416,376053,6006,15.97,303,216,82366,2118,25.72,54,37,10390,299,28.82,,,,,0,54,37,10390,299,28.82,,,,,,317,193,283296,3589,12.67
2024,U.S.,CRP,540777,301804,24601888,1819128,73.94,103856,77655,7704926,440023,57.11,412603,239380,8347257,1245606,149.22,42756,29642,677431,144061,212.66,356762,211606,7321386,1041749,142.23,13161,10298,348440,60502,173.08,24318,13304,8549706,133499,15.61
2024,ALABAMA,CRP,2131,1659,93582,4205,44.93,1069,842,48013,2366,49.29,950,770,32242,1622,50.3,,,,,,947,767,32228,1621,50.31,3,3,14,1,36.59,112,95,13327,216,16.23
2024,ALASKA,CRP,29,18,12481,525,42.05,24,17,11838,496,41.91,5,4,643,29,44.53,,,,,,5,4,643,29,44.53,,,,,,,,,,
2024,ARIZONA,CRP,40,23,61546,760,12.35,,,,,,,,,,,,,,,,,,,,,,,,,,40,23,61546,760,12.35
2024,ARKANSAS,CRP,4456,2678,187057,16562,88.54,549,431,23022,1681,73.01,3894,2395,163368,14871,91.03,8,7,294,32,108.8435374,3868,2381,161116,14675,91.08,18,12,1958,164,83.97,13,12,667,10,14.85
2024,CALIFORNIA,CRP,153,117,79652,1635,20.53,81,65,22909,804,35.1,3,3,1048,26,24.72,,,,,,3,3,1048,26,24.72,,,,,,69,50,55695,805,14.46
2024,COLORADO,CRP,10321,4992,2779253,66770,24.02,5614,3220,1107884,32994,29.78,1122,691,130768,8357,63.9,161,123,28450,3937,138.3831283,960,573,108357,4411,40.71,1,1,160,8,52.45,3585,1667,1540601,25420,16.5
2024,CONNECTICUT,CRP,,,,,,,,,,,,,,,,,,,,,,,,,,,,,,,,,,,
2024,DELAWARE,CRP,242,155,2868,458,159.75,2,2,14,1,81.8,240,155,2854,457,160.14,224,153,2769,447,161.48,16,10,86,10,116.62,,,,,,,,,,
2024,FLORIDA,CRP,167,128,6491,401,61.75,80,66,2796,210,75.26,65,51,2229,161,72.25,,,,,,65,51,2229,161,72.25,,,,,,22,14,1467,29,20.04
2024,GEORGIA,CRP,4528,3086,149005,10568,70.92,769,586,25668,1999,77.88,3471,2394,105636,8196,77.59,,,,,,3471,2394,105636,8196,77.59,,,,,,288,227,17701,373,21.05
2024,HAWAII,CRP,40,24,6410,115,18.02,,,,,,32,21,1268,62,48.58,32,21,1268,62,48.54,,,,,,,,,,,8,3,5142,54,10.48
2024,IDAHO,CRP,2278,1303,362854,17032,46.94,1157,761,162886,7154,43.92,1092,687,153551,9347,60.87,123,70,9507,2245,236.13,967,614,144010,7097,49.28,1,1,6,0,78.55,29,23,46418,532,11.45
2024,ILLINOIS,CRP,72375,41632,790224,173326,219.34,9978,7966,172235,27638,160.47,62368,37398,616866,145655,236.12,3039,233,48142,14060,292.05,59221,35974,566828,131071,231.22,109,99,1911,536,280.38,29,24,1123,33,29.34
2024,INDIANA,CRP,27446,15970,182889,39200,214.34,1916,1625,30441,4314,141.72,25513,15030,152155,34876,229.22,2115,1614,22227,6721,302.38,23328,13989,129271,28022,216.77,70,64,657,133,202.76,17,13,294,10,33.68
2024,IOWA,CRP,104081,54018,1674236,402782,240.58,12644,10469,319972,55235,172.63,91342,49574,1350405,347395,257.25,111,108,3094,1073,346.89,86408,47624,1255498,319896,254.49,4882,4072,92501,27024,292.15,95,80,3859,151,39.15
2024,KANSAS,CRP,27978,16510,1950261,76829,39.39,14008,9949,1087580,46122,42.41,12072,7733,376702,22357,59.35,89,62,15710,2200,140.02,11910,7634,359539,20071,55.82,73,70,1452,86,59.31,1898,1104,485980,8350,17.18
2024,KENTUCKY,CRP,9898,5240,135757,22690,167.14,1305,983,35936,4753,132.28,8479,4590,94639,17810,188.19,169,88,4522,1225,270.86,8310,4506,90117,16585,184.04,,,,,,114,67,5182,127,24.46
2024,LOUISIANA,CRP,4241,2733,249265,25520,102.38,417,349,24301,1642,67.57,3814,2483,223454,23849,106.73,,,,,,3769,2458,219898,23502,106.86,45,34,3556,348,97.79,10,8,1510,29,19.18
2024,MAINE,CRP,86,72,2184,129,59.27,57,51,2051,125,60.96,27,22,45,3,68.41,,,,,,27,22,45,3,68.41,,,,,,2,2,89,1,15.46
2024,MARYLAND,CRP,3964,2376,41022,10346,252.2,47,42,513,59,114.78,3904,2354,39441,10251,259.9,3675,2291,38673,10153,262.55,229,190,768,97,126.53,,,,,,13,13,1068,36,34.01
2024,MASSACHUSETTS,CRP,2,2,9,1,101,,,,,,2,2,9,1,101,,,,,,2,2,9,1,101,,,,,,,,,,
2024,MICHIGAN,CRP,7167,4211,108790,13888,127.66,709,591,13972,1579,112.99,6080,3571,68311,11871,173.78,1523,1040,17444,3416,195.82,4555,2848,50845,8453,166.25,2,2,22,2,110.02,378,224,26507,438,16.54
2024,MINNESOTA,CRP,53666,28253,964545,154712,160.4,7120,5701,195682,19616,100.25,46287,25256,756977,134783,178.05,717,612,30758,9770,317.62,43968,24429,697934,119531,171.26,1603,1403,28297,5484,193.82,259,201,11886,313,26.34
2024,MISSISSIPPI,CRP,11290,7399,451495,40916,90.62,3090,2533,162373,11110,68.42,8157,5574,287205,29776,103.67,151,121,6164,889,144.26,7908,5421,268968,27662,102.84,98,86,12073,1224,101.42,43,40,1917,31,15.95
2024,MISSOURI,CRP,22235,13378,668622,98578,147.43,7286,5592,290343,40323,138.88,14901,9619,374766,58165,155.2,1,1,17,3,173.19,14897,9625,374543,58140,155.23,3,3,206,23,110.64,48,36,3513,90,25.52
2024,MONTANA,CRP,4938,1823,878794,20131,22.91,1780,931,267445,7963,29.77,1325,665,168256,6531,38.82,99,43,10302,668,64.87,1222,618,157698,5853,37.11,5,4,275,11,40.23,1833,489,443093,5637,12.72
2024,NEBRASKA,CRP,20477,11572,2208441,91633,41.49,4766,3402,337787,22375,66.24,11516,7496,272914,44277,162.24,566,453,41015,8114,197.8300622,10689,7037,229084,35660,155.64,263,230,2853,518,181.43,4195,2438,1597741,24981,15.63
2024,NEVADA,CRP,4,3,2968,30,10.12,,,,,,,,,,,,,,,,,,,,,,,,,,4,3,2968,30,10.12
2024,NEW HAMPSHIRE,CRP,,,,,,,,,,,,,,,,,,,,,,,,,,,,,,,,,,,
2024,NEW JERSEY,CRP,268,160,2145,166,77.57,11,10,144,8,54.32,245,149,1264,134,106.19,196,121,524,85,162.09,49,42,740,49,66.63,,,,,,12,7,737,24,33.07
2024,NEW MEXICO,CRP,2108,1230,1055210,19208,18.2,462,351,107136,3324,31.02,418,298,96872,2814,29.04,,,,,,418,298,96872,2814,29.04,,,,,,1228,737,851202,13071,15.36
2024,NEW YORK,CRP,886,673,14553,1104,75.87,104,87,2323,145,62.6,703,537,9005,892,99.07,595,454,6525,727,111.4176245,108,92,2480,165,66.44,,,,,,79,69,3226,67,20.67
2024,NORTH CAROLINA,CRP,1506,1075,18867,1603,84.94,396,324,6672,446,66.79,1083,745,11390,1142,100.25,237,191,2701,357,132.05,844,601,8632,779,90.3,2,2,58,6,99.53,27,20,804,15,18.79
2024,NORTH DAKOTA,CRP,18106,9175,1145420,70973,61.96,3439,2441,261367,12512,47.87,14074,7440,740416,56167,75.86,10,9,1051,56,53.03,11490,6579,621542,44195,71.08,2579,1670,117986,11947,101.26,593,337,143637,2293,15.96
2024,OHIO,CRP,33620,18735,227063,51985,228.94,1180,1072,21476,2623,122.13,31980,17864,189110,48987,259.04,14170,9232,108604,34712,319.6199035,17766,11333,80227,14227,177.29,46,46,294,54,183.57,460,388,16476,375,22.77
2024,OKLAHOMA,CRP,4062,2637,658925,14098,21.4,2230,1583,269991,6993,25.9,257,222,13724,584,42.53,47,42,470,29,62.58,207,177,13085,545,41.66,3,3,169,9,54.32,1575,1017,375244,6521,17.38
2024,OREGON,CRP,4058,2137,909003,32473,35.72,1667,1020,333932,17443,52.24,1836,1191,119237,9302,78.01,1365,909,43800,4236,96.71,471,364,75437,5066,67.16,,,,,,555,364,455835,5728,12.57
2024,PENNSYLVANIA,CRP,5170,3503,78895,12478,158.16,10,10,107,8,75.65,5133,3485,77759,12445,160.04,5128,3482,77695,12440,160.1132634,5,4,63,4,70.24,,,,,,27,25,1030,25,24.45
2024,PUERTO RICO,CRP,2,2,435,22,50,,,,,,2,2,435,22,50,,,,,,2,2,435,22,50,,,,,,,,,,
2024,RHODE ISLAND,CRP,1,1,28,2,74,,,,,,1,2,28,2,74,,,,,,1,1,28,2,74,,,,,,,,,,
2024,SOUTH CAROLINA,CRP,1348,761,24157,1131,46.84,111,92,3243,132,40.77,1196,670,18685,959,51.31,,,,,,1196,670,18685,959,51.31,,,,,,41,31,2229,41,18.2
2024,SOUTH DAKOTA,CRP,31544,14188,2391585,137510,57.5,1474,1166,87565,5879,67.14,25727,12657,827907,108000,130.45,1116,690,94238,13035,138.3199983,21279,11196,648971,82129,126.53,3337,2476,84861,12876,151.73,4343,1798,1476114,23631,16.01
2024,TENNESSEE,CRP,4222,2781,91604,9824,107.25,985,813,27202,2500,91.89,3146,2127,59447,7253,122,,,,,,3146,2130,59447,7253,122,,,,,,91,67,4956,72,14.55
2024,TEXAS,CRP,13407,9552,2151587,72461,33.68,8839,6784,1380198,49799,36.08,3273,2273,361777,15616,43.17,,,,,,3273,2273,361777,15616,43.17,,,,,,1295,974,409613,7046,17.2
2024,UTAH,CRP,605,378,162463,3462,21.31,505,329,98793,2792,28.27,3,2,213,9,43.5,,,,,,3,3,213,9,43.5,,,,,,97,63,63458,661,10.41
2024,VERMONT,CRP,240,200,1826,221,121.02,,,,,,240,200,1826,221,121.02,237,199,1802,220,121.82,3,3,24,1,59.85,,,,,,,,,,
2024,VIRGINIA,CRP,2777,2126,28246,1788,63.3,250,212,4804,212,44.06,2359,1830,17273,1466,84.87,2015,1619,14355,1244,86.65970045,344,269,2917,222,76.09,,,,,,168,129,6169,110,17.88
2024,WASHINGTON,CRP,8481,4143,920530,57405,62.36,4361,2439,623927,36236,58.08,4081,2442,274894,20916,76.09,928,753,11765,2752,233.91,3153,1803,263152,18168,69.04,1,1,6,1,110.4,39,21,21709,253,11.63
2024,WEST VIRGINIA,CRP,518,426,13730,504,36.68,,,,,,385,331,4560,388,85.13,383,330,4550,388,85.21,2,2,10,0,48.17,,,,,,133,107,9170,115,12.59
2024,WISCONSIN,CRP,12894,8092,188732,33665,178.38,3094,2545,51922,6359,122.48,9753,6345,135650,27275,201.07,3526,2482,35196,8767,249.1,6210,4559,100215,18463,184.23,17,16,239,45,188.16,47,43,1160,31,26.97
2024,WYOMING,CRP,721,454,466183,7302,15.66,270,203,78467,2053,26.16,47,31,10036,286,28.45,,,,,,47,31,10036,286,28.45,,,,,,404,251,377679,4964,13.14
